actual,Модель 1,Модель 2,Модель 3
74.0,49.8356130251147,76.36737423655754,70.99931812420411
56.0,56.40125034694158,53.03136868978068,54.67149016562337
55.0,59.835293700764225,46.94371506888236,51.88113728546227
29.0,50.94439451344071,32.12711020413422,28.073377875693737
32.0,52.6880911252732,34.768407827085746,32.07106954722233
89.0,66.87111200099343,71.29432955247562,83.30399169852247
30.0,54.34942066455362,29.695363143003817,28.327177369522236
47.0,49.586513509138626,56.07519550022983,50.43390226389382
35.0,60.74932469211644,29.083283393685065,34.712345078800574
53.0,52.10652587160906,54.44850681409469,51.34224717761817
59.0,63.436069498010866,48.360853193196384,56.824174054444384
29.0,59.97300894147849,27.054065520052294,31.46773656071393
70.0,46.068104784444046,75.35276529974115,66.25019638200068
24.0,45.789988065758244,31.112501267317832,21.004453963992667
91.0,67.0368452952575,80.42580998382309,92.56728664358735
47.0,53.10392308467327,49.98754187933152,47.74652080956235
45.0,58.809878434150214,40.2439816986653,43.746881493252914
62.0,48.75584873949842,66.62381405589133,60.34366158505663
68.0,44.822607204563695,76.36737423655754,66.31228427402282
70.0,61.414256167492574,68.25050274202646,74.64236791536396
72.0,49.00494825547449,82.45502785745586,76.43651309107561
27.0,42.965528019149545,42.273199572298076,29.890734911316756
37.0,56.537966438495914,37.20015488821614,38.22270736137505
47.0,63.10460290948273,37.81223463753489,46.05415755954127
39.0,54.43278688626562,39.84145251116767,38.61623416719275
67.0,60.916057135540434,60.13363124749537,66.10729145367638
38.0,59.64054320379042,32.73918995345297,36.89112314952616
70.0,65.95708100964123,62.565378308625775,73.7529951663837
65.0,43.38135997854962,77.38198317337392,65.53523761560106
72.0,47.75845152643421,79.4112010470067,72.31181198474594
27.0,43.463727051101685,39.229372761848914,27.217759079446587
60.0,51.60832683965692,60.13363124749537,56.67456675645055
35.0,47.5637010294604,40.856061447984054,32.87709692242601
65.0,59.39144368781435,58.50694256136023,62.572072511518975
38.0,59.97300894147849,31.724581016636584,36.164579451086446
47.0,45.62425477149417,54.44850681409469,44.34044014088728
51.0,45.48653953077991,62.565378308625775,52.92209289043703
51.0,66.62201248501736,35.783016763902125,47.43948258106314
55.0,60.47120797343063,48.360853193196384,53.2487170456722
58.0,54.87763604837542,56.07519550022983,55.945521851399306
40.0,57.39764841084586,38.21476382503253,40.55017146166339
59.0,47.647067251172395,65.60920511907494,57.8226879284128
25.0,54.93098591821776,25.02484764641952,24.11477178342353
89.0,63.3537024254588,80.42580998382309,89.0496051659218
60.0,68.2833420242978,45.929106132065975,58.98190240704095
27.0,49.00394910631456,33.75379889026936,27.426594015786122
46.0,67.95087628660973,30.7099720798202,43.400960499266894
53.0,63.10460290948273,46.33163531956361,54.60551050340669
68.0,48.00755104241028,74.33815636292478,67.40959038462326
51.0,60.16775943845229,45.929106132065975,51.1545054404469
87.0,59.64054320379042,79.81373023450433,84.16174710451334
90.0,62.27393813984252,82.45502785745586,90.22155371291677
55.0,65.54224819940109,40.856061447984054,51.66931055482332
42.0,53.93458785431348,44.914497195249595,43.32759060822985
50.0,46.40057052213212,60.53616043499301,51.661016558126825
28.0,51.94079257734499,34.768407827085746,31.497151871330605
51.0,64.37911769207281,41.25859063548169,51.10011753156233
82.0,53.35302260064934,83.87216598176987,81.95584749349234
40.0,54.04597212957528,39.84145251116767,38.856320011410396
30.0,43.04889424086154,40.2439816986653,27.954796848525465
63.0,45.73563904675598,70.27972061565923,60.86468338308781
48.0,44.7392409828517,57.08980443704622,46.85743424129066
40.0,47.06550199750826,46.94371506888236,38.60618924954813
19.0,44.212024748189826,30.09789233050145,18.736969059202554
74.0,57.481014632557866,73.32354742610838,75.91723284410584
84.0,65.42986477497936,71.29432955247562,81.50885656771304
99.0,65.95708100964123,85.49885466790501,96.79711461734752
43.0,44.822607204563695,52.01675975296429,41.86546782982309
64.0,49.337413993162556,68.65303192952409,62.86480471355977
61.0,54.68188640224169,65.20667593157731,64.2773811839812
45.0,44.29439182074189,57.492333624543846,46.226322797866864
55.0,66.62201248501736,42.88527932161683,54.57412322616223
60.0,64.93166574302722,48.360853193196384,58.084064557485995
62.0,63.76953438485887,52.419288940461925,61.3052403705897
81.0,53.54777309762314,81.44041892063947,80.24786168179703
42.0,62.937870466058726,32.73918995345297,40.75618570758171
47.0,61.74672190518064,39.229372761848914,45.78020464511409
87.0,62.52303765581859,77.78451236087156,85.71531154190286
50.0,66.78774577928144,36.18554595139975,47.92793936536237
36.0,50.08471254109077,39.229372761848914,33.89626293534925
54.0,51.33021012097112,60.13363124749537,55.84786550131044
57.0,52.160874890611325,61.55076937180939,57.93935138398219
41.0,63.6318191441446,29.083283393685065,38.295387321215046
36.0,62.161554715420785,32.12711020413422,38.928289488261406
81.0,53.02055686296127,83.46963679427223,81.26559074659004
37.0,63.85190145741094,27.054065520052294,35.81564978468135
25.0,48.06190006141254,31.724581016636584,24.092152539778912
37.0,45.23744001480384,44.30241744593084,34.39567466532333
32.0,50.25044583535484,39.84145251116767,34.60741161736774
62.0,49.78126400611244,72.71146767678962,67.857659412076
69.0,56.65034986291765,67.23589380521008,69.12837519160757
89.0,60.50022517614037,82.85755704495348,88.53111767699514
40.0,51.94079257734499,43.89988825843321,40.66629467626745
64.0,43.13226046257355,76.76990342405517,64.72296858584188
64.0,42.716428503173475,74.33815636292478,61.8947975203939
38.0,44.62685755842997,46.33163531956361,35.314927779645544
45.0,61.941472402154446,38.21476382503253,45.48487638970461
73.0,51.911775374635255,73.72607661360603,69.97251147302612
59.0,55.57058557730137,56.477724687727466,57.4513687567729
64.0,54.43278688626562,69.66764086634048,68.55908037918691
80.0,60.47120797343063,75.35276529974115,80.3628985752195
56.0,45.98473856273205,66.62381405589133,57.37917408173146
34.0,59.83629284992416,30.7099720798202,35.68826308120091
53.0,55.37583508032756,51.40468000364554,51.63164333125725
27.0,47.841817748146205,33.75379889026936,26.571184903707294
59.0,60.916057135540434,53.433897877278305,59.371979807561274
45.0,45.457522328070176,55.46311575091108,45.15672865067188
81.0,53.26965637893734,82.85755704495348,80.83593350075866
82.0,55.37483593116763,79.81373023450433,80.04827834392113
39.0,49.586513509138626,46.94371506888236,41.26555277813795
74.0,52.18989209332106,76.36737423655754,73.45899720800676
45.0,46.37155331942238,55.060586563413445,45.53532095457429
63.0,43.54709327281368,77.38198317337392,65.62542315982428
56.0,68.1999758025858,44.914497195249595,57.86154768142896
64.0,58.97661087757421,57.08980443704622,60.873604336838525
56.0,56.039767406543774,55.060586563413445,55.78204917190949
83.0,54.18368737028955,84.48424573108862,83.25184865492004
38.0,52.02315964989706,43.287808509114456,40.034396734954676
42.0,56.45559936594384,42.88527932161683,43.94901426053105
79.0,65.26413148071529,69.26511167884284,79.38037856089856
64.0,48.31099957738861,69.26511167884284,61.97230044988408
39.0,45.98473856273205,45.929106132065975,36.60917283085198
68.0,65.37651490513701,57.08980443704622,67.88687505654087
18.0,47.06550199750826,25.02484764641952,16.59426172307808
28.0,55.043369342639494,28.068674456868678,27.904935885473822
79.0,56.733716084629656,72.308938489292,74.32434523006982
69.0,65.42986477497936,56.477724687727466,66.61984619177888
67.0,63.88091866012067,61.14824018431176,70.70392206498445
56.0,53.60212211662541,58.50694256136023,56.67731226063171
63.0,61.74672190518064,56.477724687727466,63.104192085353596
60.0,43.29799375683761,71.29432955247562,59.32294203626442
20.0,47.26025249448207,25.02484764641952,17.31684564690496
64.0,57.45199742984812,64.59459618225856,66.50867410510156
64.0,67.95087628660973,50.39007106682915,63.16468491889756
37.0,49.087315328026556,45.31702638274722,39.13121720673936
25.0,48.17428348583428,30.09789233050145,23.186531510364656
39.0,59.058977950126284,31.112501267317832,34.76745794191805
24.0,49.25304862229063,28.068674456868678,21.903409277868157
49.0,60.66595847040443,45.31702638274722,50.916154086579425
53.0,45.569905752491906,59.119022310678986,49.56970696860639
88.0,64.59920000533916,76.76990342405517,86.32773279405914
54.0,50.08471254109077,58.1044133738626,52.85392504465628
72.0,63.935267679122944,64.19206699476092,73.22699759686017
32.0,50.25044583535484,32.73918995345297,27.476473128446514
72.0,56.48461656865359,67.6384229927077,69.4361964477334
77.0,51.662675858659185,79.4112010470067,75.49569621094409
43.0,52.6880911252732,47.34624425638,44.6944237943358
72.0,44.212024748189826,80.82833917132072,69.66342932250215
82.0,58.72751136159814,77.78451236087156,81.4597040081098
47.0,46.48393674384412,53.03136868978068,44.23416122892956
39.0,60.832690913828436,35.17093701458337,40.9278139348611
33.0,59.75292662821216,25.02484764641952,29.87088917206507
42.0,56.95379839789598,41.25859063548169,42.69178111509493
81.0,64.21338439780874,70.68224980315686,80.56772894560675
48.0,44.29439182074189,60.53616043499301,49.28191041366484
73.0,56.537966438495914,72.308938489292,73.48565141250427
52.0,44.3777580424539,63.17745805794453,52.0410523097328
33.0,50.00134631937877,39.84145251116767,34.41610572540383
59.0,45.73563904675598,66.62381405589133,57.187868189767556
63.0,66.62201248501736,49.37546213001277,61.08780073346602
56.0,51.11012780770478,57.492333624543846,53.633404544741495
80.0,57.06518267315779,76.36737423655754,78.58059607109348
63.0,61.165156651516504,58.50694256136023,64.65857612312502
52.0,45.789988065758244,63.57998724544216,53.597388532504425
37.0,64.21338439780874,27.054065520052294,36.74065069714096
78.0,62.410654231396855,71.29432955247562,78.4647657373795
82.0,52.60572405272113,81.84294810813711,79.34434252761467
41.0,62.410654231396855,32.12711020413422,39.11959538022531
63.0,51.57930963694719,67.23589380521008,63.17010988219557
74.0,61.99582142115671,67.23589380521008,74.1070419623125
32.0,50.417178278778835,36.797625700718505,31.75353581759718
70.0,46.567302965556124,79.81373023450433,71.21698693859966
36.0,62.85550339350666,32.12711020413422,40.1461573733039
48.0,58.809878434150214,44.914497195249595,48.44372438362544
71.0,64.01763475167502,65.20667593157731,74.23520902463832
59.0,50.08471254109077,66.62381405589133,61.401311392616854
65.0,65.26413148071529,49.98754187933152,60.016600166281506
56.0,53.54777309762314,56.477724687727466,55.173735546354266
70.0,54.62753738323942,75.35276529974115,75.00091484798148
93.0,68.03424250832173,77.78451236087156,90.78513346916327
76.0,58.47841184562207,71.29432955247562,74.75657168693103
17.0,42.716428503173475,30.7099720798202,18.098041693956226
55.0,43.04889424086154,67.23589380521008,55.057519323236555
78.0,47.31460151348433,83.87216598176987,75.86537402185799
45.0,64.76593244876315,35.783016763902125,45.36594114421483
79.0,49.6688805816907,84.88677491858626,79.34446377668328
58.0,51.911775374635255,62.16284912112814,58.36900862981358
46.0,49.7522468034027,46.94371506888236,41.35573832236116
49.0,44.7392409828517,57.492333624543846,47.25508845533704
68.0,65.04404916744895,62.565378308625775,73.08889194626877
73.0,54.461804088975356,76.76990342405517,76.32752974910026
34.0,60.583591397852366,26.65153633255466,32.18594841821274
68.0,44.046291453925754,76.76990342405517,65.49912695721498
78.0,62.74311996908492,71.29432955247562,78.75719197708409
57.0,44.544490485877894,69.66764086634048,58.752034304280855
42.0,66.70537870672938,28.68075420618743,40.405962283704774
56.0,45.87335428747024,68.25050274202646,58.393588839104375
47.0,62.659753747372925,39.84145251116767,47.0652710030243
97.0,65.70798149366516,85.49885466790501,96.60580872538361
60.0,50.33381205706684,65.20667593157731,60.17616942554142
48.0,47.26025249448207,55.46311575091108,47.87801059942451
43.0,62.49402045310885,31.112501267317832,38.20165764324603
57.0,57.31428218913386,54.04597762659706,56.3545633238826
49.0,65.51323099669136,38.82684357435128,48.997297513993445
52.0,44.12865852647783,63.17745805794453,51.84974641776889
44.0,45.291789033806104,54.44850681409469,44.048013901182685
21.0,50.915377310730975,27.054065520052294,22.346834977973838
82.0,63.686168163146874,74.7406855504224,83.62533711135295
48.0,54.10032114857755,49.98754187933152,48.51174437741797
70.0,46.98213577579626,78.39659211019031,70.08220680889875
67.0,44.49014146687563,77.38198317337392,67.03847538615987
39.0,60.66595847040443,30.7099720798202,36.25124595357514
19.0,43.962925232213756,33.75379889026936,22.22221392083191
53.0,45.208422812094106,63.57998724544216,53.113656400835914
45.0,51.413576342683115,46.94371506888236,42.70581436962598
39.0,45.291789033806104,46.94371506888236,36.52074339685003
45.0,47.397967735196325,51.0021508161479,42.973084896619355
50.0,57.14854889486979,49.37546213001277,51.56753488928687
59.0,51.33021012097112,65.60920511907494,61.33913535401907
72.0,43.63045949452569,83.46963679427223,71.83771873916092
38.0,45.569905752491906,46.94371506888236,37.34629874650652
27.0,49.50314728742663,33.75379889026936,27.921260950972115
78.0,54.960003120927496,78.39659211019031,78.349986462392
51.0,53.51875589491341,52.419288940461925,50.46343004293312
64.0,47.97853383970054,71.29432955247562,63.71710891386279
76.0,45.65327197420391,82.45502785745586,73.09902640870516
26.0,44.62685755842997,35.783016763902125,24.73206965951491
65.0,67.78514299234565,51.40468000364554,64.09373375254563
48.0,56.06878460925351,43.287808509114456,44.58737134482471
36.0,49.336414844002626,41.25859063548169,35.24770110503399
64.0,60.916057135540434,59.119022310678986,65.08823336895641
32.0,41.969129955245265,43.287808509114456,30.14404054872713
64.0,68.53244154027387,50.39007106682915,63.64841705056606
59.0,60.085392365900226,55.46311575091108,60.7350579533688
30.0,50.33381205706684,35.17093701458337,30.01274683364388
84.0,59.75292662821216,78.79912129768795,83.88096766222355
30.0,58.477412696462146,27.666145269371047,30.8288091954676
60.0,58.809878434150214,55.46311575091108,59.03143056541754
75.0,49.78126400611244,79.4112010470067,74.59138441982918
64.0,60.86170811653817,57.08980443704622,63.584127775225
70.0,60.86170811653817,68.25050274202646,74.79473631947698
35.0,50.362829259776575,37.81223463753489,33.30457710678543
85.0,63.436069498010866,80.42580998382309,89.03867036240433
63.0,51.52595976710485,64.59459618225856,61.158506647137656
50.0,56.40125034694158,46.33163531956361,47.936707398962234
53.0,58.64414513988614,51.0021508161479,54.46735846826808
75.0,52.52235783100913,74.7406855504224,72.11166666492309
62.0,64.76593244876315,52.419288940461925,62.07046393844532
40.0,46.567302965556124,49.37546213001277,40.65846638335
75.0,42.965528019149545,85.49885466790501,73.28992467028371
50.0,45.23744001480384,60.53616043499301,50.69355229478982
62.0,45.48653953077991,73.32354742610838,63.729229546648874
51.0,59.91865992247622,45.929106132065975,50.96319954848299
83.0,67.36931103294557,68.25050274202646,80.62890034883638
44.0,60.16775943845229,39.229372761848914,44.41919379433178
73.0,47.064502848348326,82.85755704495348,74.54339562679428
62.0,55.8740341122797,59.52155149817662,60.165309447734224
25.0,57.11953169216005,25.636927395738272,27.100821132015103
62.0,44.461124264165896,72.71146767678962,61.706501572338134
83.0,55.90305131498944,79.81373023450433,81.18010357379659
71.0,57.06518267315779,69.26511167884284,71.44780650408333
82.0,64.21338439780874,70.27972061565923,80.16945770553073
87.0,55.541568374591634,83.46963679427223,83.92812755190374
58.0,64.37911769207281,47.34624425638,57.21552379879011
26.0,49.7522468034027,33.75379889026936,28.11256684293602
81.0,62.85450424434673,71.69685873997325,79.78080524257547
34.0,44.3777580424539,43.287808509114456,32.06803427188366
38.0,52.35562538758513,40.856061447984054,37.89140517747562
38.0,50.915377310730975,44.914497195249595,40.285791588863546
79.0,64.59920000533916,69.26511167884284,78.79552608148937
76.0,48.22763335567661,83.46963679427223,76.13182302792657
64.0,44.29439182074189,72.308938489292,61.10669480938604
60.0,60.4178581035883,55.46311575091108,61.02748419307341
57.0,63.02123668777073,46.94371506888236,55.12535329346129
78.0,52.9381897904092,80.82833917132072,78.61797512232627
56.0,63.60280194143487,43.89988825843321,52.55164673124288
48.0,55.45920130203956,45.31702638274722,45.61947292958608
58.0,45.320806236515836,66.62381405589133,56.90637675358044
19.0,48.42338300181035,28.068674456868678,21.340426405493925
62.0,59.14234417183828,56.477724687727466,60.34282674326645
56.0,65.87471393708915,43.89988825843321,55.019439928141814
52.0,62.77213717179466,44.914497195249595,52.89575493890611
33.0,60.22210845745456,26.039456583235907,30.64007251453353
81.0,67.36931103294557,67.6384229927077,80.0079372110411
79.0,57.31428218913386,76.76990342405517,79.1699087634064
28.0,53.10392308467327,31.112501267317832,28.787272061893386
54.0,51.52595976710485,58.1044133738626,54.647914269982074
85.0,61.414256167492574,78.39659211019031,84.83294876256366
82.0,60.666957619564364,76.76990342405517,82.61900986415671
47.0,66.4562791907533,34.15632807776699,45.70909952117336
17.0,43.21562668428555,28.68075420618743,16.55565021861023
71.0,63.2703362037468,60.13363124749537,68.56556019226842
78.0,48.643465315076675,83.87216598176987,76.92302382941821
18.0,50.58291157304291,26.039456583235907,21.03570323985192
95.0,65.62461527195316,84.48424573108862,95.48545399977164
63.0,65.12641624000102,56.477724687727466,66.9625508755235
80.0,56.37223314423184,79.4112010470067,80.52763840926156
41.0,56.56698364120565,38.82684357435128,40.496096575826265
56.0,46.23383807870812,65.20667593157731,56.154208407807346
73.0,55.790667890567704,72.308938489292,72.91173373661255
80.0,67.78514299234565,67.6384229927077,80.40148379848638
31.0,47.5637010294604,37.20015488821614,29.200281729105757
81.0,62.10720569641852,73.32354742610838,80.84699693577467
94.0,66.20717967477724,83.46963679427223,95.06200690482702
19.0,41.720030439269195,35.783016763902125,22.425464152430564
32.0,42.634061430621415,47.34624425638,34.80300984920029
23.0,52.10652587160906,26.65153633255466,23.436988255609965
30.0,54.18368737028955,32.73918995345297,31.29337276027797
44.0,48.75584873949842,50.39007106682915,44.04437361037954
95.0,68.1999758025858,82.45502785745586,95.57321966266697
78.0,50.00134631937877,82.85755704495348,77.59947901955326
69.0,47.31460151348433,72.308938489292,64.26292893755343
77.0,56.039767406543774,77.38198317337392,78.19744858641968
88.0,65.76233051266743,77.78451236087156,88.3143432886918
85.0,60.41685895442836,79.4112010470067,84.97472812816986
58.0,65.37651490513701,48.972932942515136,59.73300003357049
82.0,63.3537024254588,72.308938489292,80.89643531555673
56.0,64.37911769207281,45.929106132065975,55.7980181808428
35.0,64.51683293278708,25.636927395738272,34.983172939294576
36.0,67.78514299234565,26.039456583235907,38.6128743057632
66.0,47.31460151348433,74.7406855504224,66.69781785528309
60.0,49.50314728742663,64.19206699476092,58.48242590349168
68.0,47.064502848348326,75.75529448723879,67.41307416390268
36.0,61.85810618044245,30.7099720798202,37.85154932939413
94.0,62.659753747372925,80.82833917132072,88.22568933874784
97.0,67.0368452952575,82.85755704495348,95.00402663940596
56.0,57.730114148533936,53.433897877278305,56.1271467735326
53.0,63.51943571972287,46.94371506888236,55.507965077389095
60.0,57.730114148533936,55.060586563413445,57.767079849472196
77.0,52.160874890611325,81.44041892063947,77.91571899170654
70.0,66.78774577928144,59.119022310678986,70.97205881632621
48.0,63.02123668777073,38.82684357435128,46.97218344309621
85.0,58.14494695877407,82.45502785745586,85.56075961555565
70.0,51.60832683965692,75.75529448723879,72.35430193854297
47.0,58.47841184562207,45.929106132065975,49.282323233323325
24.0,43.21562668428555,33.75379889026936,21.64829624494019
32.0,58.062579886222004,30.09789233050145,32.98326443591812
61.0,60.4178581035883,53.03136868978068,58.59127307670879
55.0,53.51875589491341,56.477724687727466,54.53860462290504
67.0,44.12865852647783,82.45502785745586,71.20180131782276
71.0,53.10392308467327,71.69685873997325,69.53901786161265
50.0,63.51943571972287,42.273199572298076,50.810417014411264
77.0,47.23123529177233,81.84294810813711,73.72701897043399
47.0,44.959323296118036,56.477724687727466,45.792646072010065
65.0,51.94079257734499,69.26511167884284,66.136135801092
82.0,67.20357773868152,69.66764086634048,81.95622042256048
53.0,61.33088994578058,45.929106132065975,52.121969703783904
74.0,44.3777580424539,83.87216598176987,72.80920248252336
61.0,48.838215812050485,68.65303192952409,62.37013777837378
69.0,53.54777309762314,69.26511167884284,68.02128018297329
66.0,43.13226046257355,77.38198317337392,65.34393172363717
56.0,54.87763604837542,56.07519550022983,55.945521851399306
34.0,53.10392308467327,34.15632807776699,31.843652996872336
89.0,64.46248391378481,77.38198317337392,87.49540424259372
84.0,63.60280194143487,73.72607661360603,82.50507053231664
38.0,45.3751552555181,52.419288940461925,42.1120758383914
65.0,63.437068647170804,60.13363124749537,68.76780088774981
78.0,56.56698364120565,74.7406855504224,76.55805121122607
20.0,44.710223780141966,31.724581016636584,20.759073186191635
29.0,45.98473856273205,39.84145251116767,30.497468719802047
68.0,61.443273370202306,60.13363124749537,67.1252986007804
59.0,60.4178581035883,53.03136868978068,58.59127307670879
67.0,57.14854889486979,66.2212848683937,68.49201703739108
58.0,56.89944937889372,57.492333624543846,59.527988502477434
87.0,60.832690913828436,84.48424573108862,90.46356513921499
77.0,68.78154105624994,67.23589380521008,80.768436126266
13.0,42.716428503173475,27.054065520052294,14.421490940362963
59.0,57.481014632557866,58.1044133738626,60.632683771941224
18.0,49.8356130251147,25.636927395738272,20.064043203338166
26.0,53.88023883531121,25.636927395738272,24.501789385226157
49.0,49.7522468034027,53.03136868978068,47.467971312865075
72.0,53.13294028738301,72.71146767678962,71.19435277526547
82.0,52.8548235686972,80.42580998382309,78.11902426738789
37.0,44.212024748189826,49.98754187933152,38.70998709705169
33.0,55.37483593116763,31.112501267317832,31.141952348626173
44.0,60.085392365900226,40.2439816986653,45.449186682569234
24.0,55.12573641519156,25.636927395738272,25.45831884504568
32.0,48.31099957738861,40.856061447984054,33.45101459831773
80.0,67.53604347636958,67.6384229927077,80.21017790652247
47.0,57.64674792682193,41.25859063548169,43.79838716806022
85.0,61.49762238920457,75.35276529974115,81.87689485614446
71.0,66.3729129690413,60.53616043499301,72.10807299808639
60.0,52.35662453674506,65.20667593157731,62.45450780856535
76.0,62.606403877530596,71.29432955247562,79.30337140836939
84.0,62.10720569641852,76.76990342405517,84.30261872316191
38.0,48.92158203376249,44.914497195249595,38.64328930189412
46.0,46.068104784444046,52.419288940461925,43.21965150368898
45.0,58.809878434150214,47.34624425638,50.87967106026307
56.0,59.64054320379042,49.98754187933152,54.21361209797939
72.0,58.311679402198074,67.23589380521008,70.4784512388724
34.0,60.47120797343063,29.695363143003817,34.509251358725635
55.0,67.1202115169695,43.89988825843321,55.97596938796134
50.0,63.85190145741094,41.25859063548169,50.08369702282023
44.0,63.10460290948273,33.75379889026936,41.97757263435873
45.0,50.83201108901898,51.40468000364554,46.694646592248795
48.0,48.06190006141254,55.060586563413445,47.52035163213699
33.0,62.659753747372925,25.636927395738272,32.798457816944705
42.0,52.9381897904092,48.972932942515136,46.63754162034615
62.0,56.81608315718172,60.53616043499301,62.48377796916966
53.0,49.586513509138626,58.50694256136023,52.8690556213505
41.0,48.643465315076675,52.419288940461925,45.34588592232691
82.0,55.458202152879636,81.44041892063947,81.78924362102576
62.0,46.89876955408426,72.71146767678962,64.2670365641545
69.0,49.00394910631456,72.308938489292,66.13740295564423
60.0,47.4803348077484,67.23589380521008,59.26002772256835
37.0,58.311679402198074,34.768407827085746,37.87141321825454
30.0,54.545170310687354,29.083283393685065,28.541205893114657
48.0,45.208422812094106,60.53616043499301,50.058068785037946
53.0,56.039767406543774,54.04597762659706,54.763167380340846
71.0,46.98213577579626,83.87216598176987,75.57294778215339
61.0,55.956401184831776,56.477724687727466,57.09772926951079
63.0,64.21338439780874,54.44850681409469,64.259978899666
31.0,48.394365799100605,36.18554595139975,28.856702400896513
80.0,59.308077466102354,78.39659211019031,82.45234412631541
44.0,61.941472402154446,36.18554595139975,43.44658392711334
52.0,51.413576342683115,59.119022310678986,54.930280350633815
27.0,52.9381897904092,29.083283393685065,26.65949922768422
55.0,48.42338300181035,63.17745805794453,56.59737648947804
83.0,63.10460290948273,77.78451236087156,86.19904367357137
95.0,67.70177677063366,84.88677491858626,97.62734787455774
37.0,64.71158342976088,29.083283393685065,39.161731236811356
58.0,58.340696604907805,56.07519550022983,59.90482469615858
90.0,64.01863390083494,79.81373023450433,89.01349450753573
72.0,53.93458785431348,73.32354742610838,71.85381266803333
45.0,46.40057052213212,55.46311575091108,46.56792979891854
39.0,44.87695622356596,48.972932942515136,38.276310371194896
74.0,55.57058557730137,74.33815636292478,75.39482084302144
31.0,52.18989209332106,37.81223463753489,34.744838698273455
38.0,67.1202115169695,28.068674456868678,40.0664905820966
67.0,66.45528004159337,55.46311575091108,67.00096630521243
43.0,65.12641624000102,28.68075420618743,39.04495143292247
72.0,58.228313180486076,69.26511167884284,72.41527076742034
91.0,63.88091866012067,83.87216598176987,93.52534961822901
61.0,64.87731672402495,48.360853193196384,58.617369960589215
55.0,60.9150579863805,44.914497195249595,50.70936503161864
72.0,55.37483593116763,70.27972061565923,70.48042356602997
40.0,56.87043217618398,38.82684357435128,40.154978530443586
30.0,60.4178581035883,25.02484764641952,30.45574165147427
58.0,44.12865852647783,68.25050274202646,56.94239244409886
72.0,62.439671434106586,62.16284912112814,69.9288146312273
25.0,44.62785670758989,33.75379889026936,22.80706640024111
53.0,45.87335428747024,64.59459618225856,54.717038085511106
73.0,64.62821720804888,62.565378308625775,72.69534535882347
93.0,66.78774577928144,81.84294810813711,93.79348636957077
44.0,49.00394910631456,49.37546213001277,43.10491885266794
46.0,65.87471393708915,40.2439816986653,51.34077365673263
39.0,62.99221948506099,31.112501267317832,38.584269427173844
70.0,42.05249617695726,84.88677491858626,72.0048583123735
25.0,43.54709327281368,34.15632807776699,22.226233400857325
65.0,46.62065283539845,75.75529448723879,66.49477701932874
56.0,47.26025249448207,61.14824018431176,53.59250122930639
31.0,50.362829259776575,36.797625700718505,32.28578346179244
64.0,57.06618182231773,63.17745805794453,65.44604202647564
50.0,55.292468858615564,48.972932942515136,49.094840746605904
61.0,51.164476826707045,65.20667593157731,60.85120744917382
64.0,48.892564831052745,69.26511167884284,62.456032581552584
63.0,58.47841184562207,60.13363124749537,63.54790236734364
25.0,54.794269826663424,26.039456583235907,25.675866410372628
43.0,54.93098591821776,45.929106132065975,45.11160782107845
43.0,60.666957619564364,37.20015488821614,42.875744560077834
42.0,48.42338300181035,46.33163531956361,39.67712537700565
47.0,47.72943432372447,56.477724687727466,48.644196958320414
47.0,58.062579886222004,44.914497195249595,47.86980670773372
54.0,46.12245380344631,64.19206699476092,54.51077791000431
74.0,63.02123668777073,64.59459618225856,72.84902231898741
22.0,42.716428503173475,34.768407827085746,22.172158515020197
38.0,41.969129955245265,52.01675975296429,38.913237328650354
67.0,54.87663689921549,66.62381405589133,66.42020326960093
38.0,59.91865992247622,33.75379889026936,38.73450253184333
42.0,49.586513509138626,47.34624425638,41.663295138759985
53.0,43.463727051101685,64.19206699476092,52.28342314362569
43.0,49.91798009766677,46.33163531956361,40.82496072878909
59.0,64.76593244876315,46.33163531956361,55.95558655067152
38.0,48.92158203376249,39.84145251116767,33.54976180980752
83.0,67.70177677063366,69.26511167884284,81.94056096641229
74.0,49.00494825547449,83.46963679427223,77.45521858949293
49.0,54.43278688626562,50.39007106682915,49.20200112432027
49.0,57.56338170510993,48.972932942515136,51.45101952512496
54.0,47.97853383970054,56.07519550022983,48.43784863623795
17.0,46.12245380344631,27.666145269371047,17.843726520428586
86.0,56.12313362825577,83.87216598176987,84.80977833734559
19.0,46.98213577579626,29.695363143003817,21.188573920499294
45.0,55.292468858615564,47.34624425638,47.45499581724197
40.0,54.79327067750349,41.87067038480044,41.46800127043941
80.0,52.35662453674506,82.45502785745586,79.77399977344605
68.0,61.49762238920457,61.55076937180939,68.00817661698956
80.0,50.168078762802764,83.46963679427223,78.42268285282994
81.0,66.3729129690413,64.59459618225856,76.18501050957157
18.0,44.87695622356596,28.68075420618743,17.90572626587505
43.0,46.81640248153219,51.0021508161479,42.48935276495085
41.0,57.813480370245934,39.229372761848914,41.96268798725299
56.0,58.89324465586221,51.40468000364554,55.056671160581004
85.0,60.334491881876296,76.36737423655754,81.92848867752741
39.0,47.97853383970054,46.33163531956361,38.64932933186777
74.0,52.10752502076899,76.76990342405517,73.86776251872195
18.0,49.141664347028815,25.02484764641952,18.22582920653002
21.0,45.12605573954203,32.73918995345297,22.171148978902927
43.0,50.25044583535484,47.34624425638,42.136092466911
47.0,64.13001817609674,38.21476382503253,47.85110850598453
60.0,53.963605057023216,62.565378308625775,61.680572883211426
50.0,47.59271823217014,58.50694256136023,51.22655333438108
69.0,62.606403877530596,60.13363124749537,68.0927628641174
72.0,47.3969685860364,80.42580998382309,72.40093294876918
90.0,63.186969982034796,80.42580998382309,88.84736447044043
18.0,46.039087581734314,25.636927395738272,15.705547762155906
61.0,46.64967003810819,73.32354742610838,64.69669380998587
57.0,56.65034986291765,53.03136868978068,54.862796057587275
76.0,59.50382711223609,69.26511167884284,74.12004406085522
73.0,55.37483593116763,73.32354742610838,73.5370689407359
67.0,58.39504562391007,64.59459618225856,67.92066857252918
98.0,65.20978246171302,85.49885466790501,96.2231969414558
75.0,57.895847442798,74.33815636292478,77.21769421843727
36.0,59.337094668812085,32.12711020413422,36.61074917765957
86.0,57.89684659195793,83.46963679427223,86.50047881299422
64.0,52.80047454969493,66.62381405589133,64.788635786149
67.0,49.918979246826694,69.66764086634048,64.3672423436456
45.0,52.160874890611325,48.972932942515136,45.317143042352335
28.0,46.039087581734314,36.18554595139975,26.288405882286536
63.0,44.046291453925754,76.76990342405517,65.49912695721498
45.0,57.06618182231773,43.89988825843321,46.08561320173379
41.0,62.410654231396855,33.75379889026936,40.75961660274057
50.0,61.941472402154446,42.273199572298076,49.56146131488714
71.0,42.05249617695726,85.49885466790501,72.62582145016879
28.0,45.23744001480384,38.21476382503253,28.28397055427339
61.0,43.29799375683761,70.68224980315686,58.701978898469136
32.0,48.090917264122275,40.856061447984054,33.89342928459243
36.0,53.93458785431348,36.797625700718505,35.17724144828598
36.0,66.4562791907533,25.02484764641952,36.53599012033168
32.0,58.67316234259587,29.695363143003817,33.70174073314393
12.0,44.87695622356596,27.054065520052294,16.266233922813775
56.0,45.40417245822785,65.60920511907494,55.98887974947947
68.0,64.76593244876315,56.477724687727466,66.14704886362784
25.0,52.60572405272113,28.068674456868678,25.348279342986633
21.0,53.68548833833741,25.02484764641952,23.158242323604004
68.0,47.64606810201247,76.36737423655754,68.51776943336647
53.0,60.4178581035883,47.95832400569875,53.495982653108925
38.0,51.52496061794492,44.914497195249595,41.29154173381514
84.0,56.48461656865359,84.48424573108862,86.36067859583761
38.0,52.8548235686972,41.87067038480044,39.40486575765459
62.0,57.39764841084586,54.44850681409469,56.853690471972314
16.0,48.22763335567661,27.054065520052294,19.486905538840226
78.0,50.77766207001671,78.79912129768795,74.73564484988951
20.0,52.43899160929713,25.636927395738272,22.71062085032158
27.0,55.956401184831776,25.636927395738272,26.133356868678092
41.0,57.564380854269864,39.229372761848914,41.771382095289084
43.0,51.57930963694719,44.914497195249595,40.75858891701456
79.0,64.37911769207281,69.26511167884284,79.24040887188265
65.0,65.42986477497936,56.477724687727466,66.61984619177888
37.0,66.2061805256173,25.02484764641952,36.2326290771096
84.0,50.94439451344071,85.49885466790501,81.67161055312407
72.0,59.14234417183828,67.6384229927077,71.55149606285383
54.0,43.962925232213756,65.20667593157731,53.796619284077664
63.0,51.85742635563299,64.59459618225856,61.33887773558408
43.0,58.477412696462146,40.2439816986653,43.45445525354832
81.0,54.43278688626562,84.48424573108862,83.44315454688395
59.0,52.80047454969493,60.53616043499301,58.67534503673713
77.0,61.165156651516504,69.26511167884284,75.47012010812003
52.0,55.3214860613253,50.39007106682915,51.14624323594315
51.0,66.0114300286435,41.87067038480044,52.43734799180815
76.0,53.38203980335907,75.75529448723879,74.44230404193532
63.0,50.417178278778835,65.20667593157731,60.27728977328211
61.0,47.064502848348326,67.23589380521008,58.86648113512306
81.0,46.15147100615605,85.49885466790501,76.53749024815794
73.0,58.062579886222004,68.65303192952409,71.70412208540183
66.0,68.53244154027387,51.0021508161479,64.26938018836134
38.0,51.52496061794492,42.88527932161683,39.25395444382917
38.0,45.071706720539765,46.94371506888236,36.963686962578706
36.0,44.544490485877894,48.972932942515136,37.9838841314903
78.0,56.06878460925351,77.38198317337392,78.83434244138215
52.0,67.20357773868152,35.783016763902125,47.92321471273165
26.0,48.838215812050485,28.68075420618743,22.242880979476325
22.0,45.62425477149417,33.141719140950606,22.951326830301447
44.0,61.663355683468644,36.18554595139975,42.62191004321348
55.0,67.03784444441744,37.81223463753489,49.871497924251045
99.0,68.53244154027387,84.48424573108862,97.90411465811415
41.0,68.1999758025858,27.666145269371047,40.5345632576169
53.0,66.62201248501736,40.856061447984054,52.53565447041963
52.0,52.80047454969493,51.40468000364554,49.50540891261932
60.0,52.68909027443313,59.52155149817662,57.03200268550977
34.0,59.83629284992416,28.68075420618743,33.65014691176096
73.0,51.662675858659185,80.82833917132072,76.91214406998344
59.0,64.01763475167502,47.34624425638,56.28875995481725
44.0,60.41685895442836,38.82684357435128,44.212404739371
42.0,64.46248391378481,28.68075420618743,38.57215410477144
60.0,55.81968509327744,59.119022310678986,60.30157766282071
73.0,44.461124264165896,85.49885466790501,74.54981517332531
28.0,58.145946107934,27.666145269371047,30.648438107021178
24.0,51.19349402941678,26.65153633255466,22.772885035495037
71.0,57.06518267315779,67.23589380521008,69.4098666277947
67.0,53.18728930638527,70.27972061565923,68.22351405716267
37.0,47.14886821922026,46.33163531956361,38.08634645949354
42.0,55.209102636903566,40.2439816986653,40.22170292852076
46.0,45.291789033806104,56.477724687727466,46.08507231171467
50.0,47.841817748146205,56.477724687727466,49.380448229510336
24.0,43.21562668428555,35.17093701458337,23.064391517676892
31.0,53.43638882236134,33.75379889026936,31.738248729379237
63.0,58.062579886222004,58.50694256136023,61.51442270395875
77.0,50.417178278778835,81.84294810813711,76.97432010858124
66.0,61.99582142115671,56.477724687727466,63.2954979773175
81.0,63.437068647170804,69.66764086634048,78.33830006291087
48.0,48.67248251778642,55.060586563413445,48.639038394103395
82.0,67.61841054892164,67.23589380521008,79.80097186292899
41.0,49.337413993162556,50.39007106682915,44.52810574204805
61.0,55.37483593116763,60.13363124749537,60.29160565034351
29.0,44.710223780141966,39.84145251116767,28.907306828319577
82.0,60.41685895442836,76.76990342405517,82.31564882093463
85.0,54.54417116152742,84.88677491858626,84.46764927813196
64.0,49.337413993162556,70.68224980315686,64.9022157103944
34.0,51.52496061794492,33.141719140950606,29.463848501097047
21.0,47.841817748146205,26.039456583235907,18.819283276990785
60.0,47.064502848348326,68.25050274202646,59.885098486964715
29.0,47.06550199750826,41.25859063548169,32.892139352544575
36.0,47.97853383970054,42.273199572298076,34.574859924501155
34.0,63.935267679122944,25.02484764641952,33.87847766983079
73.0,60.86170811653817,69.26511167884284,75.81388255077262
66.0,49.585514359978696,75.75529448723879,70.07499394318674
75.0,52.6047249035612,73.32354742610838,70.68410770921494
82.0,57.64674792682193,79.4112010470067,82.1212380171949
77.0,48.00755104241028,80.42580998382309,73.52182337512717
70.0,50.86102829172871,72.71146767678962,68.72400332767232
75.0,50.168078762802764,80.82833917132072,75.76430871820001
39.0,44.24104195089956,50.39007106682915,39.742155208517644
30.0,53.85122163260148,34.15632807776699,32.41757067276405
62.0,62.439671434106586,52.419288940461925,60.1355354117713
43.0,64.26773341681101,35.17093701458337,44.36236622249173
71.0,67.45267725465759,59.52155149817662,71.95518253581142
47.0,64.46248391378481,38.21476382503253,48.143534745689124
55.0,57.70109694582419,51.0021508161479,53.05659805289973
43.0,50.168078762802764,49.98754187933152,44.80540140505841
73.0,49.087315328026556,74.33815636292478,68.27593430021957
84.0,58.091597088931735,85.49885466790501,89.26620326107384
28.0,45.042689517830034,39.84145251116767,29.199733068024177
29.0,54.710903604951426,29.083283393685065,28.631391437337864
73.0,56.12313362825577,72.308938489292,73.20415997631714
56.0,45.569905752491906,65.20667593157731,55.68141107965632
66.0,54.62753738323942,66.2212848683937,65.83097872386367
97.0,64.84829952131523,85.49885466790501,95.29317167418343
72.0,47.26025249448207,79.4112010470067,71.92920020081814
45.0,54.37843786726335,48.360853193196384,47.69771923743751
56.0,48.75584873949842,61.55076937180939,55.250134092970036
65.0,54.545170310687354,62.565378308625775,62.16430501487993
45.0,49.918979246826694,53.433897877278305,48.0679543689685
64.0,55.9574003339917,65.60920511907494,66.37972054488678
69.0,56.87043217618398,72.308938489292,73.77807765220886
40.0,62.27393813984252,30.7099720798202,38.24509591683942
51.0,63.187969131194734,44.914497195249595,53.28930152635141
47.0,60.66595847040443,39.229372761848914,44.8018055782596
41.0,51.02676158599278,43.89988825843321,39.89013630489434
82.0,54.34942066455362,82.45502785745586,81.30444690915729
79.0,56.65034986291765,79.4112010470067,81.35601444933927
78.0,49.41978106571463,83.46963679427223,77.73671002568004
55.0,56.15215083096551,49.98754187933152,51.42327445922653
49.0,56.65034986291765,46.33163531956361,48.12801329092614
36.0,56.87043217618398,37.81223463753489,39.13609673887495
62.0,58.726512212438216,59.52155149817662,63.00618997025408
45.0,61.57998946175665,39.84145251116767,46.19892708742798
55.0,59.835293700764225,49.98754187933152,54.938311539622184
45.0,59.14234417183828,39.229372761848914,43.020337794813216
35.0,50.0303635220885,37.20015488821614,32.39118772928554
72.0,56.87043217618398,71.69685873997325,73.15711451441358
58.0,61.33088994578058,53.433897877278305,59.653471243748385
71.0,42.218229471221335,85.49885466790501,72.71600699439199
96.0,65.87371478792923,84.48424573108862,95.67675989173554
73.0,56.89944937889372,67.6384229927077,69.7176878839205
62.0,52.9381897904092,66.2212848683937,63.95703358522683
27.0,46.64967003810819,36.18554595139975,27.405506005890995
56.0,64.93166574302722,46.94371506888236,56.666735232690016
77.0,61.33088994578058,70.27972061565923,76.5793637370632
48.0,45.40417245822785,58.50694256136023,48.85855828658789
58.0,58.477412696462146,52.01675975296429,55.284087710931
84.0,59.47480990952635,79.4112010470067,83.6735547599411
95.0,65.26413148071529,81.84294810813711,92.00831642994652
28.0,48.17428348583428,39.84145251116767,32.97584413391581
81.0,64.68256622705115,72.71146767678962,82.3522682166173
24.0,48.50575007436242,31.724581016636584,25.006571235023674
41.0,61.82908897773272,36.797625700718505,43.33305872523198
82.0,57.39764841084586,80.82833917132072,83.34690886372432
75.0,53.76785541088948,78.39659211019031,76.74554019751686
42.0,62.02483862386646,35.783016763902125,43.14952118135369
21.0,41.470930923293125,33.141719140950606,19.57613671213939
50.0,48.340016780098345,57.492333624543846,50.781765511855475
71.0,63.02123668777073,63.17745805794453,71.43169299419144
44.0,52.52235783100913,47.34624425638,44.60423825011259
49.0,60.832690913828436,47.95832400569875,53.777474089296035
70.0,58.062579886222004,70.27972061565923,73.34405516134142
76.0,54.545170310687354,73.72607661360603,73.37200472213503
41.0,52.6880911252732,44.914497195249595,42.259005997152144
30.0,44.24104195089956,36.18554595139975,25.481512282734457
70.0,53.85122163260148,72.71146767678962,71.13172918249735
80.0,59.42046089052408,74.33815636292478,79.11421413671437
55.0,62.659753747372925,51.0021508161479,58.274909934943985
62.0,43.21562668428555,73.32354742610838,61.3709352503139
67.0,63.10460290948273,58.1044133738626,66.43708218545396
80.0,55.70830081801563,77.38198317337392,78.01707749797326
46.0,65.62561442111308,34.768407827085746,45.655024635336225
73.0,66.2061805256173,62.565378308625775,73.9443010583476
49.0,67.36931103294557,35.17093701458337,47.392437119159574
34.0,45.87335428747024,44.30241744593084,34.346453980191264
48.0,66.53864626330537,38.21476382503253,49.77510222914106
60.0,51.413576342683115,63.17745805794453,59.00510234430308
68.0,53.88023883531121,67.23589380521008,66.27594283954059
56.0,65.42986477497936,46.33163531956361,56.42838387882254
81.0,64.59920000533916,72.71146767678962,82.25114786887661
32.0,53.63113931933514,32.12711020413422,30.821692896447484
31.0,60.334491881876296,28.068674456868678,33.411795557893484
41.0,60.084393216740295,33.75379889026936,38.82468807606655
29.0,49.390763863004885,33.141719140950606,26.566073913227168
27.0,54.710903604951426,27.666145269371047,27.214590991995856
27.0,53.85122163260148,30.09789233050145,28.342396092792125
46.0,59.14234417183828,40.856061447984054,44.660270870752804
34.0,56.15215083096551,29.083283393685065,30.422912558545097
54.0,47.841817748146205,63.17745805794453,56.113644357809534
31.0,54.794269826663424,34.768407827085746,34.44788388071706
76.0,64.43346671107508,67.6384229927077,77.06523116817523
74.0,45.457522328070176,83.87216598176987,73.67554639811968
52.0,50.83201108901898,53.03136868978068,48.33431522846139
42.0,65.1807652590033,32.12711020413422,41.96903074871975
69.0,57.231915116581796,64.19206699476092,66.55519750884315
57.0,49.390763863004885,60.53616043499301,54.06874241295186
65.0,65.79134771537716,53.433897877278305,64.4897002213188
80.0,57.813480370245934,77.38198317337392,80.28553883638766
41.0,57.64774707598187,39.229372761848914,41.87250244302979
31.0,55.12573641519156,32.73918995345297,32.5904913860262
58.0,47.4803348077484,61.14824018431176,53.14832361151842
71.0,52.6047249035612,75.75529448723879,73.1195255063986
50.0,66.3729129690413,39.229372761848914,50.70415106278915
61.0,50.33381205706684,64.59459618225856,59.55520628774613
71.0,65.37651490513701,58.50694256136023,69.30438067448819
25.0,54.04597212957528,29.695363143003817,28.667502095723947
58.0,65.45888197768909,48.972932942515136,59.722065230053005
52.0,44.461124264165896,62.565378308625775,51.5212095196782
25.0,57.730114148533936,25.02484764641952,27.595988505491984
45.0,49.00394910631456,53.433897877278305,47.17974084633722
59.0,64.93166574302722,48.360853193196384,58.084064557485995
44.0,57.06518267315779,39.229372761848914,41.2767151601031
36.0,44.710223780141966,47.95832400569875,37.05554047044751
51.0,45.540888549782174,62.565378308625775,52.387553435274526
51.0,62.190571918130516,45.31702638274722,52.810205900737955
48.0,46.40057052213212,56.477724687727466,47.5865471507602
46.0,47.31460151348433,52.419288940461925,44.28823611476669
50.0,49.00494825547449,57.492333624543846,51.36661799126467
46.0,46.815403332372256,58.1044133738626,49.50761907658426
59.0,67.03784444441744,46.33163531956361,58.423644187297434
76.0,61.49662324004465,69.66764086634048,76.04858614349114
91.0,66.12381345306522,75.75529448723879,87.20528277419194
49.0,61.912455199444715,44.914497195249595,51.58664375073244
62.0,56.20649984996777,60.53616043499301,61.476617479007466
82.0,51.19349402941678,85.49885466790501,81.86291644508798
54.0,59.88964271976649,50.39007106682915,54.802924790292316
72.0,64.13001817609674,66.2212848683937,75.99139984630484
40.0,62.02483862386646,31.112501267317832,38.451973118375854
26.0,44.7392409828517,33.75379889026936,23.429235148932584
30.0,45.98473856273205,38.82684357435128,29.47885136796039
35.0,51.19349402941678,41.87067038480044,38.05478971038976
63.0,58.838895636859945,58.1044133738626,62.32555264952634
94.0,64.71158342976088,81.44041892063947,91.76364764604281
37.0,58.64414513988614,32.73918995345297,36.12589958167054
28.0,49.390763863004885,36.18554595139975,29.621925968752134
55.0,62.07818849370879,46.33163531956361,53.093982326600305
37.0,55.541568374591634,32.12711020413422,32.3630748356762
76.0,49.336414844002626,76.76990342405517,70.90239354964014
55.0,67.78514299234565,41.87067038480044,54.52235311162795
38.0,58.809878434150214,34.768407827085746,38.25402500218235
63.0,68.53244154027387,49.98754187933152,63.25014581049004
92.0,61.443273370202306,85.49885466790501,92.60395438317127
73.0,51.33021012097112,77.38198317337392,73.16585897440484
32.0,52.35562538758513,33.75379889026936,30.75984966252474
93.0,63.935267679122944,84.48424573108862,93.60992222277285
48.0,56.37223314423184,44.914497195249595,45.885657495927646
79.0,55.81968509327744,76.76990342405517,78.02207341162297
34.0,49.7522468034027,36.18554595139975,30.547720200392696
84.0,66.78774577928144,74.33815636292478,86.26057448439568
34.0,46.98213577579626,39.229372761848914,30.753784301120564
82.0,55.12673556435149,83.87216598176987,84.04455476948998
89.0,59.83629284992416,84.88677491858626,90.09643651828407
39.0,53.79687261359921,40.856061447984054,39.683895911015135
79.0,60.916057135540434,73.32354742610838,79.35504655503601
54.0,59.83629284992416,49.98754187933152,55.05036669088036
81.0,59.39144368781435,78.39659211019031,82.5534644740561
74.0,55.458202152879636,73.32354742610838,73.6381892884766
69.0,50.362829259776575,75.35276529974115,70.99994197152576
76.0,60.084393216740295,70.27972061565923,75.51077912598551
57.0,47.81280054543647,67.23589380521008,59.552453962272956
78.0,51.94079257734499,81.44041892063947,78.36165954100775
68.0,52.10752502076899,68.65303192952409,65.7174133587781
49.0,58.311679402198074,45.929106132065975,49.08008253784193
92.0,67.61841054892164,78.39659211019031,91.01255001951327
22.0,47.397967735196325,31.112501267317832,22.998392073832612
82.0,61.49762238920457,76.76990342405517,83.29404788778912
74.0,58.89324465586221,69.26511167884284,73.00012324682953
42.0,60.916057135540434,36.18554595139975,42.04799236732177
75.0,44.7392409828517,84.48424573108862,74.36010274101537
86.0,58.560778918174144,84.88677491858626,88.39025287963855
74.0,67.0368452952575,61.14824018431176,73.2018334640327
50.0,45.540888549782174,60.53616043499301,50.35049502474255
74.0,49.25304862229063,81.44041892063947,75.49705833336402
66.0,58.64414513988614,63.57998724544216,67.09300452634878
47.0,58.838895636859945,42.88527932161683,47.03968137872676
29.0,47.011152978506004,36.797625700718505,28.95226337532684
23.0,44.62685755842997,35.783016763902125,24.73206965951491
28.0,57.56338170510993,25.636927395738272,28.014710947805877
53.0,51.11012780770478,54.04597762659706,50.17919310256485
84.0,57.979213664510006,78.79912129768795,81.79270111910421
40.0,65.87471393708915,27.666145269371047,38.71168988220106
37.0,62.85450424434673,30.09789233050145,37.99580975945447
35.0,51.11012780770478,37.20015488821614,33.25753164488186
26.0,43.04889424086154,39.84145251116767,27.557230781054756
38.0,48.42338300181035,45.929106132065975,39.27938301638362
17.0,47.59271823217014,25.02484764641952,17.60927188660956
44.0,63.76953438485887,36.797625700718505,45.61986380765484
78.0,66.87111200099343,66.62381405589133,78.60609104924198
67.0,45.985737711891986,74.7406855504224,65.64016804772288
52.0,49.141664347028815,60.53616043499301,53.87743652098796
32.0,49.00494825547449,40.2439816986653,34.04862451817024
69.0,58.67316234259587,64.59459618225856,68.74781056054763
75.0,57.31428218913386,72.308938489292,74.69602221048015
43.0,56.733716084629656,35.783016763902125,37.64142745687472
36.0,45.65327197420391,43.89988825843321,34.39156703872225
65.0,53.54777309762314,66.2212848683937,64.96463480826735
25.0,45.3751552555181,34.15632807776699,23.778550143603535
91.0,56.65034986291765,85.49885466790501,87.46983407820511
70.0,48.892564831052745,75.75529448723879,68.96539090664888
87.0,61.24752372406858,77.78451236087156,84.009744929287
40.0,51.85742635563299,44.30241744593084,40.96300483572445
78.0,60.333492732716365,74.7406855504224,80.17641230375399
45.0,59.42046089052408,40.2439816986653,44.86433420316004
79.0,57.481014632557866,74.33815636292478,76.93620278225015
30.0,48.92158203376249,36.797625700718505,30.493645314555568
46.0,54.794269826663424,47.95832400569875,47.693347171109444
29.0,42.965528019149545,41.87067038480044,29.493168843846046
81.0,53.18728930638527,82.45502785745586,80.44903779707846
34.0,45.457522328070176,46.94371506888236,36.61092894107323
43.0,43.464726200261616,54.44850681409469,42.607752309694646
37.0,67.28694396039351,27.666145269371047,39.87046003750198
49.0,63.2703362037468,41.25859063548169,49.59996489115173
76.0,56.537966438495914,74.7406855504224,75.92133364941492
30.0,50.52856255404064,33.75379889026936,29.31958807103671
54.0,57.70109694582419,52.419288940461925,54.473398498241735
37.0,55.790667890567704,36.797625700718505,37.25087103170997
66.0,48.090917264122275,71.29432955247562,64.45459423711199
22.0,42.965528019149545,35.17093701458337,22.761030474454806
63.0,44.461124264165896,75.35276529974115,64.3645231206654
22.0,46.567302965556124,29.083283393685065,20.286119346516895
36.0,62.606403877530596,28.68075420618743,36.49922969395275
71.0,52.6880911252732,74.7406855504224,72.20185220914631
55.0,59.337094668812085,50.39007106682915,54.95379470261906
65.0,62.49402045310885,56.07519550022983,63.28001481432063
69.0,52.60572405272113,67.6384229927077,65.08123149771292
57.0,65.45888197768909,45.31702638274722,56.04339895864383
63.0,61.941472402154446,55.46311575091108,62.81036232173039
62.0,61.60900666446638,53.03136868978068,60.081460525934176
60.0,48.17428348583428,70.68224980315686,63.9347514470574
61.0,43.962925232213756,72.308938489292,60.92632372093962
25.0,50.33381205706684,31.724581016636584,26.558887977769885
48.0,58.560778918174144,41.25859063548169,44.57454553943332
65.0,51.27586110196885,69.66764086634048,65.94911382888048
26.0,54.710903604951426,25.02484764641952,24.55586427106328
59.0,63.10460290948273,51.40468000364554,59.701241659884865
41.0,53.963605057023216,43.287808509114456,42.32181884340717
56.0,56.89944937889372,52.419288940461925,54.433138811755896
41.0,64.71158342976088,32.12711020413422,42.21943437042525
66.0,44.793590001853964,80.42580998382309,69.74959538669995
28.0,43.38135997854962,43.89988825843321,31.92377384182333
40.0,66.3729129690413,28.068674456868678,39.492572906204884
26.0,49.6688805816907,29.695363143003817,23.936624501526055
75.0,57.564380854269864,71.69685873997325,74.37842011590695
44.0,68.1999758025858,29.695363143003817,42.573032013359494
42.0,66.78774577928144,30.7099720798202,42.43349623592988
72.0,51.44259354539285,75.35276529974115,71.86628588712207
67.0,48.145266283124535,74.7406855504224,67.3728558789155
78.0,68.53244154027387,66.62381405589133,79.9561670965068
79.0,60.86170811653817,72.71146767678962,79.26950433815986
19.0,41.470930923293125,34.15632807776699,20.594665917405386
72.0,47.23123529177233,81.44041892063947,73.32936475638763
50.0,63.24131900103706,42.88527932161683,50.606177388852714
60.0,59.91865992247622,56.07519550022983,61.1537803956827
72.0,63.436069498010866,59.119022310678986,67.63659950519602
34.0,56.45559936594384,36.18554595139975,37.21476037332389
31.0,45.208422812094106,40.856061447984054,30.30844781751338
41.0,45.12605573954203,52.419288940461925,41.92076994642749
40.0,48.145266283124535,51.0021508161479,43.547002572511076
23.0,45.789988065758244,32.73918995345297,22.643946307053945
53.0,47.75845152643421,57.492333624543846,50.29803338018697
26.0,49.7522468034027,31.112501267317832,25.4541927083061
67.0,42.218229471221335,82.85755704495348,70.05798544606472
57.0,43.54709327281368,70.68224980315686,58.89328479043304
56.0,48.643465315076675,61.55076937180939,54.513442088901805
57.0,55.790667890567704,54.44850681409469,54.9697801421503
29.0,45.071706720539765,36.797625700718505,26.777513444162153
23.0,44.3777580424539,30.09789233050145,18.827154603425765
83.0,67.70177677063366,68.65303192952409,81.319597828617
41.0,66.78874492844137,29.083283393685065,40.90535387152147
26.0,43.38135997854962,38.82684357435128,26.831127815493364
18.0,42.634061430621415,30.09789233050145,17.488013359678426
58.0,46.48293759468419,67.23589380521008,58.382749003454556
25.0,49.78126400611244,29.083283393685065,24.049532677377783
41.0,52.60572405272113,47.95832400569875,45.32632173564857
43.0,45.40417245822785,55.46311575091108,45.80270623106292
70.0,49.390763863004885,76.36737423655754,69.96896582837198
64.0,60.583591397852366,61.55076937180939,67.23201824561644
43.0,47.06550199750826,52.01675975296429,43.699276008756414
52.0,47.31460151348433,60.13363124749537,52.03952071545356
92.0,67.95087628660973,77.38198317337392,90.28574188134657
81.0,65.26413148071529,69.26511167884284,79.38037856089856
38.0,64.71158342976088,26.65153633255466,36.72499124099275
51.0,67.45267725465759,39.84145251116767,52.191458116180755
49.0,66.2061805256173,39.229372761848914,50.501910367307765
39.0,58.47841184562207,34.15632807776699,37.452690775940646
78.0,55.70830081801563,77.78451236087156,78.4149961517466
60.0,60.22210845745456,56.477724687727466,61.20917065886277
48.0,61.49662324004465,37.81223463753489,44.05969057024735
64.0,46.62065283539845,71.69685873997325,62.42066019826478
57.0,49.50314728742663,62.565378308625775,56.84275726727907
42.0,46.64967003810819,46.94371506888236,38.21264266210283
26.0,45.40417245822785,37.20015488821614,27.467593897913126
47.0,56.733716084629656,45.31702638274722,47.21016370052252
49.0,61.08179042980451,41.25859063548169,47.23346833514482
36.0,50.25044583535484,41.25859063548169,36.02385947640709
54.0,53.02055686296127,55.060586563413445,52.739368686786555
38.0,49.390763863004885,39.84145251116767,33.29874116207238
53.0,47.50935201045814,64.19206699476092,56.83992361652226
91.0,60.9150579863805,83.46963679427223,89.43357225097755
94.0,65.95808015880117,80.82833917132072,92.21126911932522
54.0,56.62133266020791,54.04597762659706,55.24689951200936
49.0,58.145946107934,44.30241744593084,47.34996391767913
26.0,43.63045949452569,41.87067038480044,30.078021323255246
68.0,58.64414513988614,64.19206699476092,67.71396766414406
40.0,62.49402045310885,28.068674456868678,35.14448338908612
69.0,54.10032114857755,69.66764086634048,68.26665413948231
35.0,46.48293759468419,43.287808509114456,34.3335867733012
74.0,50.666277794754905,80.42580998382309,75.74917814150578
57.0,43.04889424086154,71.69685873997325,59.529202211771235
74.0,46.12245380344631,84.88677491858626,75.27892808279485
75.0,66.20717967477724,62.16284912112814,73.65808496952977
71.0,50.61192877575264,73.32354742610838,69.1536605735037
63.0,54.37843786726335,59.52155149817662,58.905418944692606
47.0,47.64606810201247,53.03136868978068,45.08957034100839
43.0,45.071706720539765,51.0021508161479,41.038156369945334
71.0,44.544490485877894,80.82833917132072,69.95585556220675
61.0,63.3537024254588,53.433897877278305,61.93084001444004
73.0,52.52235783100913,74.33815636292478,71.7138361577254
87.0,62.60540472837066,78.39659211019031,86.32533987618066
47.0,66.20717967477724,37.81223463753489,49.196459900618635
18.0,47.97853383970054,25.02484764641952,17.25836494319301
73.0,60.99942335725244,64.59459618225856,70.68273908722165
39.0,61.57998946175665,34.15632807776699,40.48267352603285
50.0,56.87043217618398,48.360853193196384,49.72283330833475
71.0,42.05249617695726,83.46963679427223,70.5887630396368
91.0,67.03784444441744,79.81373023450433,92.05837865705024
45.0,63.10460290948273,36.797625700718505,45.03501132824563
24.0,43.79719193794969,38.21476382503253,26.603711265143374
43.0,47.011152978506004,47.95832400569875,40.15802385791735
74.0,58.64414513988614,70.68224980315686,74.22579409335894
79.0,62.410654231396855,73.72607661360603,80.90097685374413
71.0,49.918979246826694,79.81373023450433,74.55429732781879
66.0,43.463727051101685,78.39659211019031,66.54283201734958
74.0,67.28694396039351,63.57998724544216,75.94193450307338
53.0,55.292468858615564,55.46311575091108,55.60605014979113
32.0,55.292468858615564,30.7099720798202,30.7549684983703
23.0,49.087315328026556,27.666145269371047,21.41548137302291
73.0,56.65034986291765,73.32354742610838,75.24219482047343
73.0,46.068104784444046,80.82833917132072,71.74093735525534
40.0,64.76593244876315,33.141719140950606,42.70668554382827
80.0,52.27325831503306,81.84294810813711,79.05191628791006
36.0,57.895847442798,35.17093701458337,37.875873431158276
64.0,58.838895636859945,57.492333624543846,61.70458951173105
58.0,58.47841184562207,55.46311575091108,58.851059476971116
34.0,58.39504562391007,30.7099720798202,33.89665381341801
79.0,54.93098591821776,80.82833917132072,80.14842225803751
43.0,45.65327197420391,50.39007106682915,40.90092536381855
55.0,66.78874492844137,44.30241744593084,56.193869539590935
20.0,41.470930923293125,30.7099720798202,17.141512234136698
37.0,55.37483593116763,39.84145251116767,39.913969818970614
34.0,48.80919860934075,39.84145251116767,32.81500903040388
73.0,56.15215083096551,72.308938489292,73.84061309840132
19.0,42.05249617695726,31.112501267317832,18.02281043327591
54.0,47.50935201045814,60.53616043499301,53.162843983475014
51.0,54.960003120927496,51.40468000364554,51.23809674381195
44.0,53.43638882236134,46.33163531956361,44.36160297649271
71.0,56.06878460925351,68.65303192952409,70.06161979843242
87.0,67.1202115169695,72.71146767678962,84.91280320843369
37.0,54.79327067750349,40.856061447984054,40.449119478870756
57.0,63.186969982034796,47.34624425638,55.61372193118484
28.0,47.23123529177233,35.783016763902125,27.491583923513133
44.0,67.36931103294557,31.724581016636584,43.936462745469676
72.0,58.72751136159814,64.19206699476092,67.81508801188477
15.0,45.73563904675598,27.054065520052294,17.46179146794299
76.0,61.82908897773272,72.71146767678962,79.39818663735565
80.0,64.43346671107508,69.26511167884284,78.70534053726615
64.0,67.70177677063366,50.39007106682915,62.97337902693365
37.0,64.87731672402495,26.039456583235907,36.194213647420675
61.0,56.982815600605726,59.119022310678986,61.26904192615772
77.0,55.3214860613253,75.75529448723879,76.62049168955086
69.0,66.04044723135323,59.119022310678986,70.39814114043449
35.0,56.37223314423184,33.75379889026936,34.67795778867255
52.0,56.37223314423184,48.360853193196384,49.340221524406935
24.0,43.79619278878975,34.768407827085746,23.038502430616514
59.0,59.97300894147849,54.44850681409469,58.97992489061024
34.0,47.72943432372447,43.89988825843321,36.02313452217419
72.0,58.838895636859945,68.25050274202646,72.51613349672604
52.0,58.64414513988614,49.98754187933152,53.44838853012377
57.0,64.76593244876315,47.95832400569875,57.595695919762434
43.0,57.979213664510006,39.84145251116767,42.67383666927149
46.0,56.45559936594384,47.95832400569875,49.04342321837427
33.0,48.80919860934075,41.25859063548169,34.23128059629191
36.0,59.17136137454801,31.724581016636584,36.122468686511674
51.0,57.31428218913386,48.972932942515136,51.25971363316106
74.0,59.66956040650015,73.32354742610838,78.2864619439583
88.0,59.66956040650015,79.4112010470067,84.40081045227814
33.0,61.165156651516504,27.054065520052294,33.06777549680593
47.0,65.01503196473922,34.768407827085746,44.53810080488309
77.0,66.78774577928144,64.59459618225856,76.4665019457587
39.0,62.937870466058726,29.695363143003817,37.698747013694806
69.0,52.02415879905699,71.29432955247562,68.27484343881865
65.0,48.145266283124535,68.25050274202646,60.863497553819215
34.0,48.838215812050485,39.229372761848914,32.82767832427154
39.0,57.895847442798,39.229372761848914,41.95175318373551
45.0,56.81608315718172,44.30241744593084,46.18025895886073
54.0,45.789988065758244,60.53616043499301,50.54180091670646
38.0,56.537966438495914,40.2439816986653,41.27935273608098
72.0,65.62561442111308,62.565378308625775,73.57262407793728
35.0,52.10652587160906,36.18554595139975,33.00396156774449
88.0,67.45267725465759,75.75529448723879,88.26293258175217
30.0,43.463727051101685,39.84145251116767,27.83872221724187
56.0,57.56338170510993,52.01675975296429,54.50792933955789
33.0,46.815403332372256,41.25859063548169,32.58877830932249
85.0,58.89324465586221,78.79912129768795,82.56885949047731
61.0,60.9150579863805,55.46311575091108,61.29804082574304
30.0,54.54417116152742,28.068674456868678,27.41026895028783
64.0,49.918979246826694,69.66764086634048,64.3672423436456
29.0,56.65034986291765,27.666145269371047,29.38854760397957
64.0,44.793590001853964,76.76990342405517,66.07304463310669
80.0,52.68909027443313,80.82833917132072,78.42666923036236
86.0,54.62753738323942,83.46963679427223,83.15196918053064
49.0,62.688770950082656,40.2439816986653,48.09708652818759
61.0,60.583591397852366,55.46311575091108,61.117669737296616
41.0,67.20357773868152,31.112501267317832,43.22531406345118
38.0,64.21338439780874,25.636927395738272,35.323145079193644
62.0,61.663355683468644,54.44850681409469,60.96495556817296
47.0,42.30159569293333,56.477724687727466,43.67734645688962
87.0,55.62493459630363,84.88677491858626,85.44604834498644
73.0,50.168078762802764,79.4112010470067,74.34786085916066
73.0,53.29867358164707,73.32354742610838,71.90550145728396
33.0,54.62753738323942,37.20015488821614,36.68132542214633
44.0,48.090917264122275,47.34624425638,40.403404635718374
65.0,63.686168163146874,54.44850681409469,63.24241248544027
57.0,66.3729129690413,45.31702638274722,56.819557330016934
85.0,63.76953438485887,78.79912129768795,87.8030423842762
72.0,59.75292662821216,63.57998724544216,68.59509639142398
33.0,49.918979246826694,40.2439816986653,34.82478288954336
80.0,67.95087628660973,67.23589380521008,80.09339810263359
40.0,56.12313362825577,41.25859063548169,42.01674309146252
62.0,57.895847442798,57.492333624543846,60.293212070333055
53.0,61.35990714849031,46.94371506888236,53.77527724619647
28.0,49.834613875954766,33.75379889026936,28.101632039418536
79.0,62.190571918130516,72.71146767678962,80.32715414572007
54.0,43.63045949452569,66.62381405589133,54.92028831710977
67.0,54.04597212957528,66.62381405589133,65.74516524596852
46.0,46.039087581734314,56.477724687727466,46.65898998760638
51.0,50.52856255404064,56.07519550022983,51.73304826088231
43.0,50.83201108901898,44.30241744593084,39.56370810332756
81.0,58.228313180486076,81.44041892063947,84.64291002515202
39.0,54.37843786726335,39.84145251116767,39.14874625111499
29.0,51.94079257734499,34.15632807776699,30.876188733535322
56.0,48.340016780098345,69.26511167884284,62.60848913224126
69.0,51.27586110196885,74.33815636292478,70.6452515466477
33.0,48.56009909336468,37.81223463753489,30.58646843475666
51.0,67.28694396039351,35.17093701458337,47.40337192267706
67.0,54.29507164555135,68.25050274202646,67.57631606729637
65.0,62.410654231396855,55.060586563413445,62.15983638185997
26.0,50.666277794754905,33.75379889026936,28.888725214309126
67.0,64.10100097338702,58.1044133738626,67.20230575330957
47.0,46.23383807870812,59.119022310678986,50.042504296757414
50.0,53.79687261359921,52.419288940461925,51.28951427204359
45.0,63.85190145741094,38.21476382503253,47.02625832893333
32.0,52.35562538758513,38.21476382503253,35.23285474969437
62.0,45.40417245822785,69.26511167884284,59.66569494279973
59.0,65.62461527195316,48.360853193196384,59.191287636480936
22.0,52.60572405272113,28.068674456868678,25.348279342986633
69.0,57.06518267315779,66.62381405589133,68.78890348999941
86.0,67.61841054892164,72.71146767678962,85.2954149923615
78.0,64.13001817609674,69.26511167884284,79.04910297991876
51.0,56.62133266020791,46.94371506888236,48.11472697102884
70.0,48.56009909336468,77.38198317337392,70.31254515658122
39.0,46.23483722786805,48.972932942515136,39.96838592959902
49.0,58.062579886222004,46.33163531956361,49.286783446227055
48.0,56.56698364120565,43.89988825843321,45.5909462665478
56.0,58.22931232964601,51.40468000364554,54.58387383242999
80.0,52.27325831503306,83.87216598176987,81.08950357789602
24.0,52.02415879905699,27.666145269371047,24.46671670412043
21.0,42.467328987197405,36.18554595139975,23.396947895792987
28.0,49.390763863004885,31.724581016636584,25.149802347339136
98.0,67.20357773868152,83.46963679427223,95.82723047268263
29.0,47.06550199750826,37.81223463753489,29.43863308297323
31.0,51.60832683965692,34.15632807776699,30.583762493830726
71.0,43.79719193794969,83.46963679427223,72.03995943464231
44.0,65.04404916744895,36.18554595139975,46.58879812161503
90.0,66.2061805256173,80.82833917132072,92.29051986003095
64.0,53.18629015722534,70.27972061565923,68.1114589059045
90.0,63.186969982034796,79.4112010470067,87.8282182391448
49.0,49.8356130251147,53.03136868978068,47.56909166060577
60.0,62.99221948506099,52.01675975296429,59.58639425936856
61.0,65.87371478792923,48.972932942515136,60.00355666624012
70.0,47.14886821922026,75.75529448723879,67.62624966290154
91.0,59.75292662821216,85.49885466790501,90.61627930833866
66.0,53.43638882236134,64.59459618225856,62.699888586366384
67.0,47.26025249448207,72.308938489292,64.7982617118969
33.0,42.5506952089094,45.31702638274722,32.66483109092761
69.0,56.95379839789598,63.17745805794453,64.70926187583174
51.0,66.53864626330537,39.84145251116767,51.41529974480765
73.0,52.35662453674506,75.35276529974115,72.64244425849517
72.0,61.49662324004465,66.62381405589133,72.99141188933123
42.0,65.87371478792923,30.09789233050145,41.03637472676149
61.0,46.48393674384412,68.25050274202646,59.51342150655439
34.0,61.33088994578058,25.02484764641952,31.119844871589198
59.0,62.60540472837066,51.40468000364554,59.20657472469888
62.0,53.10392308467327,68.25050274202646,66.084806419436
74.0,46.566303816396186,81.84294810813711,73.1421664910248
80.0,56.40125034694158,77.38198317337392,79.12676868108676
45.0,52.6880911252732,47.34624425638,44.6944237943358
25.0,51.164476826707045,27.054065520052294,22.538140869937745
51.0,57.56338170510993,49.37546213001277,51.849026325473986
27.0,53.02055686296127,30.7099720798202,28.288321206954997
39.0,56.56698364120565,39.84145251116767,41.515066513970574
43.0,52.27325831503306,45.31702638274722,42.37534506816272
63.0,58.145946107934,59.119022310678986,62.23650618949473
61.0,47.75845152643421,68.25050274202646,61.10605150215544
34.0,49.834613875954766,41.87067038480044,36.25127602675708
59.0,56.62133266020791,60.53616043499301,61.75810891519458
77.0,56.982815600605726,76.76990342405517,78.98953767495998
31.0,44.295390969901824,45.929106132065975,34.73699062372842
61.0,46.64967003810819,70.27972061565923,61.64084175446091
64.0,47.75845152643421,69.26511167884284,62.12475700057276
89.0,61.165156651516504,80.82833917132072,87.0778539869644
67.0,46.15147100615605,77.78451236087156,68.78620564747105
66.0,55.3214860613253,70.68224980315686,71.52564199882931
38.0,61.24752372406858,32.12711020413422,38.1521311168883
44.0,43.87955901050176,55.46311575091108,43.907772951147756
43.0,56.15215083096551,40.2439816986653,41.63158187813247
26.0,45.90237149017998,35.17093701458337,25.812970978157626
48.0,48.589116296074415,55.46311575091108,48.93566040698474
77.0,51.85742635563299,81.44041892063947,78.26053919326706
40.0,47.3969685860364,45.929106132065975,37.767942986152896
40.0,54.43278688626562,40.856061447984054,39.63502781218573
78.0,59.88964271976649,75.35276529974115,79.879166443551
34.0,62.937870466058726,30.09789233050145,38.096930107195156
42.0,55.62493459630363,40.856061447984054,41.23621265376135
61.0,57.39764841084586,59.119022310678986,61.55053336234484
38.0,62.659753747372925,31.112501267317832,38.29184318746924
33.0,51.35922732368085,38.82684357435128,35.08859431963403
34.0,58.97661087757421,29.083283393685065,32.74045286914692
36.0,49.087315328026556,42.88527932161683,36.69606384928269
79.0,50.16707961364284,82.45502785745586,77.29192220315444
70.0,62.99221948506099,59.52155149817662,67.11789579933303
54.0,64.13001817609674,43.89988825843321,53.568243533136304
57.0,66.70537870672938,48.972932942515136,60.790649841130715
57.0,58.72751136159814,55.46311575091108,59.04236536893502
78.0,63.436069498010866,69.66764086634048,78.2262449116527
74.0,48.145266283124535,83.46963679427223,76.14275783144404
66.0,62.190571918130516,58.50694256136023,66.0591069075812
78.0,54.461804088975356,77.38198317337392,76.94849288689555
43.0,47.26025249448207,52.419288940461925,44.82189410417256
27.0,54.87763604837542,29.083283393685065,28.833632132819254
75.0,46.15147100615605,84.48424573108862,75.51887289631627
40.0,51.911775374635255,38.82684357435128,34.93878216621525
80.0,61.692372886178376,71.29432955247562,78.52721303699629
93.0,66.45528004159337,77.38198317337392,89.02585137830496
81.0,52.02315964989706,84.48424573108862,81.40710567246924
79.0,65.1807652590033,67.6384229927077,77.63914884406695
68.0,57.564380854269864,66.62381405589133,69.2835704251854
79.0,56.65034986291765,80.42580998382309,82.37498438748358
59.0,59.39144368781435,57.08980443704622,61.15509577302564
72.0,51.164476826707045,77.78451236087156,73.47341579080367
57.0,57.813480370245934,55.46311575091108,58.266206997561916
66.0,64.26773341681101,62.16284912112814,71.48113137397351
41.0,67.03784444441744,26.65153633255466,38.65991976766677
55.0,61.11080763251424,49.37546213001277,56.02044691032417
40.0,55.541568374591634,41.87067038480044,42.1539740975893
37.0,51.08111060499505,43.89988825843321,39.35727163466943
76.0,58.311679402198074,73.72607661360603,76.99027766808727
35.0,47.75845152643421,39.84145251116767,32.582297546470514
68.0,51.11012780770478,65.60920511907494,61.783753704685346
86.0,58.47841184562207,82.85755704495348,86.36324780686743
66.0,49.00394910631456,71.69685873997325,65.51643981784895
55.0,60.333492732716365,47.95832400569875,53.282807154110046
80.0,65.95708100964123,69.26511167884284,80.48936457140678
70.0,66.4562791907533,53.433897877278305,65.074552700728
32.0,56.40125034694158,30.09789233050145,31.633188388653306
67.0,54.68188640224169,67.6384229927077,66.71279898116485
28.0,52.9381897904092,31.112501267317832,28.69708651767018
43.0,48.00755104241028,47.34624425638,40.302284287977685
89.0,64.71158342976088,79.4112010470067,89.72517889030021
65.0,54.62753738323942,62.565378308625775,62.15337021136245
62.0,48.50575007436242,69.66764086634048,63.0964170370865
51.0,60.22210845745456,43.89988825843321,48.58352460078205
61.0,62.439671434106586,53.03136868978068,60.75649854956659
16.0,46.48393674384412,25.636927395738272,16.73149272920486
37.0,52.8548235686972,38.21476382503253,35.72752168488036
41.0,64.13001817609674,31.724581016636584,41.33743099868073
28.0,45.48653953077991,41.25859063548169,31.531128501762268
43.0,59.058977950126284,38.82684357435128,42.521210646723496
48.0,47.011152978506004,56.477724687727466,48.70541020587793
42.0,62.35630521239459,30.7099720798202,38.23416111332194
18.0,48.22763335567661,25.02484764641952,17.449670835156915
70.0,56.40125034694158,72.71146767678962,74.42992579071425
36.0,54.87763604837542,33.141719140950606,32.90915929909384
45.0,67.70177677063366,32.73918995345297,45.24812336304558
52.0,42.716428503173475,64.59459618225856,52.107071535204675
69.0,60.9150579863805,64.59459618225856,70.46956358822278
21.0,49.25404777145056,28.68075420618743,22.63642756692162
69.0,64.43346671107508,62.565378308625775,71.96950001169706
79.0,50.52856255404064,83.87216598176987,79.63830718289051
89.0,64.59920000533916,80.42580998382309,90.00613462574134
69.0,64.26673426765109,62.565378308625775,71.76725931621569
85.0,57.730114148533936,79.81373023450433,82.62036516528461
96.0,65.70798149366516,84.88677491858626,95.98484558758832
41.0,61.663355683468644,36.797625700718505,43.24287318100877
78.0,57.70109694582419,75.75529448723879,77.90767970432057
62.0,57.06618182231773,61.14824018431176,63.40810215018703
22.0,52.60572405272113,26.65153633255466,23.93165519079595
62.0,50.0303635220885,68.65303192952409,63.97379072406799
48.0,42.716428503173475,62.16284912112814,49.672447057201985
35.0,53.18629015722534,34.768407827085746,32.453681331150136
33.0,57.231915116581796,29.083283393685065,31.28925647414141
74.0,49.337413993162556,77.78451236087156,72.03315419931565
44.0,53.18629015722534,44.30241744593084,42.020654643284665
62.0,48.92158203376249,66.62381405589133,60.43384712927984
56.0,44.37875719161383,65.60920511907494,54.58773193899367
64.0,51.27586110196885,69.26511167884284,65.5512833216828
43.0,47.64606810201247,51.40468000364554,43.44998985137145
59.0,48.838215812050485,65.20667593157731,58.9162789224998
19.0,46.73303625982019,28.068674456868678,19.35768753889845
51.0,65.20978246171302,40.856061447984054,51.37688431511872
58.0,60.99942335725244,47.34624425638,53.35875164698214
52.0,56.12313362825577,50.39007106682915,51.18667921558032
60.0,63.935267679122944,48.360853193196384,57.318840989630374
25.0,44.29439182074189,34.768407827085746,23.421114214544325
62.0,45.3751552555181,68.25050274202646,58.01097705517657
66.0,64.59920000533916,58.1044133738626,67.58491753723739
67.0,53.02055686296127,72.308938489292,70.05886065166725
74.0,53.60212211662541,75.35276529974115,73.5989737183147
57.0,65.37551575597709,46.94371506888236,57.58247612656972
92.0,63.3537024254588,81.44041892063947,90.06875139721744
41.0,51.662675858659185,46.33163531956361,42.276157123794604
34.0,43.464726200261616,43.89988825843321,32.02489418956402
55.0,46.62065283539845,63.17745805794453,53.87486048866612
53.0,66.87111200099343,39.84145251116767,51.707725984512244
53.0,59.66956040650015,45.31702638274722,50.150930518723804
46.0,42.634061430621415,58.50694256136023,46.00683110712622
62.0,52.35662453674506,67.23589380521008,64.49209509855132
71.0,55.458202152879636,68.65303192952409,68.94169898440673
51.0,50.16707961364284,56.477724687727466,51.20332160492618
83.0,66.2895467473293,70.27972061565923,81.80102518898266
78.0,47.81280054543647,84.48424573108862,76.86894894358109
18.0,48.22763335567661,29.083283393685065,21.52414024252354
38.0,60.99842420809251,29.083283393685065,34.90365097076448
54.0,64.84829952131523,45.31702638274722,54.92550551585839
42.0,45.819005268467976,49.37546213001277,39.97249355620011
17.0,44.98834049882777,26.039456583235907,15.869256440209623
47.0,56.12313362825577,45.929106132065975,46.713233395532384
65.0,65.04404916744895,55.060586563413445,65.55598006109369
68.0,44.046291453925754,81.44041892063947,70.19420691607424
86.0,58.89324465586221,83.46963679427223,87.26570238084983
29.0,50.74864486730698,35.17093701458337,30.294238269831
75.0,56.62133266020791,76.36737423655754,77.66229892651954
81.0,67.70177677063366,65.20667593157731,77.86362345492708
78.0,62.99221948506099,71.69685873997325,79.34659281597268
85.0,63.436069498010866,73.72607661360603,82.30282983683526
40.0,54.68188640224169,38.82684357435128,37.788746414163676
73.0,51.77505928308092,79.4112010470067,76.2338867067986
44.0,57.14854889486979,39.84145251116767,41.99879864563908
29.0,44.046291453925754,40.856061447984054,29.453038705434547
48.0,47.26025249448207,57.08980443704622,49.51767923563712
40.0,57.895847442798,35.783016763902125,38.49683656895356
47.0,56.45559936594384,47.95832400569875,49.04342321837427
68.0,65.70798149366516,54.44850681409469,65.40781425144942
54.0,44.544490485877894,63.57998724544216,52.6408590726849
55.0,41.470930923293125,65.60920511907494,52.169071280651146
84.0,65.01503196473922,75.75529448723879,85.70213315020881
66.0,59.42046089052408,62.565378308625775,67.28361206699941
73.0,51.77406013392099,76.36737423655754,73.06545062056148
40.0,66.2895467473293,28.68075420618743,40.012415696259474
88.0,64.26673426765109,79.4112010470067,88.69456215474112
18.0,43.87955901050176,26.039456583235907,14.370425998433983
48.0,57.56338170510993,49.98754187933152,52.46998946326927
84.0,54.18368737028955,84.48424573108862,83.25184865492004
60.0,51.57930963694719,64.19206699476092,60.11399338694362
71.0,46.62065283539845,78.39659211019031,69.152798567656
58.0,43.04889424086154,65.60920511907494,53.41802698017527
38.0,49.918979246826694,42.88527932161683,37.48315702417328
63.0,47.72943432372447,71.69685873997325,63.92345723594526
97.0,62.606403877530596,84.48424573108862,92.55227241521264
46.0,62.77213717179466,38.82684357435128,46.780877551132306
72.0,58.809878434150214,70.27972061565923,73.91797283723314
70.0,51.77406013392099,73.72607661360603,70.40690019278023
29.0,57.481014632557866,28.68075420618743,31.082555565756284
58.0,66.20717967477724,45.929106132065975,57.35033492358901
93.0,67.20357773868152,80.42580998382309,92.76952733906873
46.0,53.43638882236134,47.95832400569875,46.00135975928098
69.0,64.51683293278708,56.477724687727466,65.95574297166394
13.0,43.79719193794969,26.65153633255466,15.002323939746754
68.0,56.95379839789598,68.65303192952409,70.20158948744833
57.0,47.64606810201247,61.55076937180939,53.636163369788
55.0,60.22210845745456,51.40468000364554,56.11432096814123
41.0,45.48653953077991,48.972932942515136,39.282413102449134
84.0,58.726512212438216,78.79912129768795,82.36661879499593
46.0,53.963605057023216,46.94371506888236,45.99942735590839
52.0,60.334491881876296,45.31702638274722,50.735782998133
37.0,54.34942066455362,36.797625700718505,35.4587328844731
29.0,45.291789033806104,38.82684357435128,28.37250975472209
61.0,54.10032114857755,63.17745805794453,61.75606176232673
57.0,53.76785541088948,61.55076937180939,59.82387873983385
41.0,56.40125034694158,39.84145251116767,41.42488096974736
67.0,42.05249617695726,76.36737423655754,63.45905860277487
42.0,60.47120797343063,36.797625700718505,41.642040925735785
32.0,54.10032114857755,34.768407827085746,33.22983970252324
37.0,52.27325831503306,36.797625700718505,33.82716540102116
57.0,62.10720569641852,53.03136868978068,60.46407230986198
54.0,59.50382711223609,51.0021508161479,55.77699853589573
45.0,57.64774707598187,44.30241744593084,46.96735213375133
84.0,66.87111200099343,73.32354742610838,85.34246045426507
92.0,65.95808015880117,78.39659211019031,89.77452912350662
44.0,47.14786907006033,48.972932942515136,40.632489149713955
81.0,52.10652587160906,82.85755704495348,79.86846923742165
54.0,46.815403332372256,64.59459618225856,56.01697740168056
65.0,47.97853383970054,70.27972061565923,62.69849156202113
14.0,43.54709327281368,27.054065520052294,15.096528963995373
35.0,53.35302260064934,39.229372761848914,37.12892711380115
52.0,41.470930923293125,59.52155149817662,46.0578960490552
66.0,47.72943432372447,72.308938489292,64.54442037374054
60.0,57.06618182231773,59.119022310678986,61.370162273898416
41.0,46.40057052213212,52.419288940461925,43.51207774339358
57.0,63.935267679122944,47.95832400569875,56.920657896130024
62.0,60.66595847040443,57.08980443704622,62.74675615629439
52.0,53.049574065671,51.40468000364554,49.69671480458323
73.0,54.43278688626562,73.32354742610838,72.23642445196114
52.0,67.61841054892164,38.21476382503253,50.64144614473737
48.0,53.18728930638527,51.0021508161479,48.86643480229603
51.0,61.35990714849031,46.94371506888236,53.77527724619647
44.0,60.86170811653817,33.75379889026936,40.14376445542541
46.0,56.40125034694158,45.31702638274722,46.917737460817925
68.0,49.00494825547449,76.36737423655754,70.3242801005717
37.0,43.29799375683761,47.34624425638,35.27580717735131
43.0,64.62821720804888,29.695363143003817,39.68157402686595
53.0,50.417178278778835,58.1044133738626,53.146351284360875
80.0,52.27325831503306,78.79912129768795,75.99553535293111
40.0,62.659753747372925,33.141719140950606,40.329959356909185
77.0,43.962925232213756,85.49885466790501,74.1672033893975
33.0,57.56338170510993,32.12711020413422,34.52653737702075
74.0,62.606403877530596,63.57998724544216,71.54838465150468
75.0,45.98473856273205,81.84294810813711,72.65843435935629
88.0,63.186969982034796,77.78451236087156,86.18810887005388
77.0,51.02676158599278,81.84294810813711,77.98333167683236
20.0,44.49014146687563,29.083283393685065,18.54249671180678
75.0,66.53864626330537,64.19206699476092,75.87692481371879
66.0,48.50575007436242,70.68224980315686,64.11512253550382
31.0,59.835293700764225,26.039456583235907,30.879012453267563
85.0,65.79134771537716,72.71146767678962,83.85515340087346
13.0,43.54709327281368,25.02484764641952,13.059470553463388
72.0,44.710223780141966,81.84294810813711,71.06457031169597
39.0,57.11953169216005,37.20015488821614,38.70643949304356
40.0,45.40417245822785,50.39007106682915,40.70961947185465
78.0,59.66956040650015,72.71146767678962,77.66549880616301
27.0,52.43899160929713,30.09789233050145,27.183625937491207
82.0,58.64414513988614,74.7406855504224,78.30167384593618
65.0,67.61841054892164,52.419288940461925,64.91072743493554
58.0,42.5506952089094,71.29432955247562,58.74902436037271
43.0,61.85810618044245,39.229372761848914,46.40290227325955
36.0,63.02123668777073,28.068674456868678,36.15975799234458
42.0,54.545170310687354,41.25859063548169,40.76778739193839
69.0,60.66595847040443,61.55076937180939,67.22108344209897
16.0,46.23383807870812,25.636927395738272,16.428131685982773
65.0,64.01863390083494,56.477724687727466,65.57313118773614
56.0,59.64054320379042,52.01675975296429,56.25155197426801
82.0,59.42046089052408,81.84294810813711,86.64571567667885
58.0,49.141664347028815,62.16284912112814,55.517017010624905
69.0,54.62753738323942,69.26511167884284,68.8876240985696
71.0,50.94439451344071,73.72607661360603,69.84391732040599
84.0,51.27586110196885,84.48424573108862,80.83318799657752
31.0,54.710903604951426,28.68075420618743,28.2334727835645
47.0,46.317204300420116,56.07519550022983,47.08777258897313
84.0,65.76233051266743,75.35276529974115,85.87786773260017
18.0,49.50314728742663,25.636927395738272,19.77161696363357
61.0,60.666957619564364,54.44850681409469,60.19973200031734
93.0,67.61841054892164,79.4112010470067,92.03178439738456
56.0,67.45267725465759,42.273199572298076,54.62819811199936
69.0,56.81608315718172,69.26511167884284,71.25650061211942
55.0,45.48653953077991,61.55076937180939,51.90347553859537
63.0,49.8356130251147,64.19206699476092,58.774852143196284
95.0,67.45267725465759,82.45502785745586,94.99930198677525
81.0,63.436069498010866,72.71146767678962,81.28368360553961
55.0,60.4178581035883,50.39007106682915,55.93219376947356
89.0,68.1999758025858,73.32354742610838,86.40011026182529
37.0,42.218229471221335,54.44850681409469,41.53916769861695
55.0,60.4178581035883,49.98754187933152,55.53409882254887
17.0,45.40417245822785,27.666145269371047,17.902383517291852
86.0,59.586194184788155,82.85755704495348,87.75495930562204
58.0,68.1999758025858,43.89988825843321,56.84231330355766
27.0,52.10652587160906,27.666145269371047,24.455781900602947
61.0,51.52496061794492,62.16284912112814,58.61103369869582
43.0,46.40057052213212,53.433897877278305,44.53069509523524
73.0,60.16775943845229,69.26511167884284,74.59284138900624
35.0,45.48653953077991,45.31702638274722,35.60559790912888
34.0,46.64967003810819,40.856061447984054,32.100938551052906
31.0,51.69169306136892,35.17093701458337,31.703676486564397
81.0,64.71158342976088,76.76990342405517,87.06574699676234
38.0,55.3214860613253,34.768407827085746,35.46368736342951
47.0,58.062579886222004,46.94371506888236,49.90774658402234
61.0,58.809878434150214,60.53616043499301,64.12628025613908
36.0,61.08179042980451,30.09789233050145,36.02382940322514
63.0,55.3214860613253,62.16284912112814,62.975875693325825
67.0,59.83629284992416,59.119022310678986,64.22188945336009
38.0,60.583591397852366,34.768407827085746,40.33841309597251
35.0,61.414256167492574,30.09789233050145,36.316255642929754
34.0,53.18629015722534,38.21476382503253,35.90789277332677
57.0,53.29867358164707,58.50694256136023,57.02019323752766
59.0,50.41617912961891,64.19206699476092,59.146529123606605
66.0,42.30159569293333,79.81373023450433,67.10351817800745
46.0,52.7714573469852,46.94371506888236,44.39771363487879
61.0,58.39504562391007,60.13363124749537,63.44678201960295
51.0,58.062579886222004,48.360853193196384,51.324723322515666
55.0,56.89944937889372,51.0021508161479,53.016162073262564
78.0,61.35990714849031,69.26511167884284,76.19649433470043
37.0,54.461804088975356,38.82684357435128,38.230984807287044
81.0,54.62753738323942,79.81373023450433,79.4743606680294
75.0,56.95379839789598,74.7406855504224,76.3148802368602
61.0,51.27586110196885,65.20667593157731,61.47610874171086
57.0,54.87663689921549,57.492333624543846,57.250267145483136
46.0,51.35922732368085,48.972932942515136,45.27653076956385
72.0,54.18368737028955,76.36737423655754,75.10149949497618
64.0,64.76593244876315,55.060586563413445,64.72971953883186
63.0,67.0368452952575,51.40468000364554,63.40776092539574
18.0,47.72943432372447,28.68075420618743,20.743874244549353
63.0,60.47120797343063,58.50694256136023,63.438416427115286
59.0,54.545170310687354,60.13363124749537,59.72862277796928
52.0,48.22763335567661,62.565378308625775,55.13851285329816
47.0,50.08471254109077,50.39007106682915,45.10202341793976
29.0,42.88316094659748,45.31702638274722,32.95725733063221
72.0,67.53604347636958,59.119022310678986,71.6580316434761
27.0,46.98213577579626,38.82684357435128,30.35613008707419
37.0,60.085392365900226,32.12711020413422,37.29672200480946
57.0,61.692372886178376,49.98754187933152,57.12514217978796
28.0,47.26025249448207,32.73918995345297,25.068747273621472
58.0,65.54224819940109,49.98754187933152,60.842419955664994
69.0,52.93719064124927,71.69685873997325,69.33677716613127
49.0,53.43638882236134,52.419288940461925,50.474364846450605
78.0,48.892564831052745,83.46963679427223,76.71667550733576
90.0,59.39144368781435,85.49885466790501,89.68625404106625
68.0,59.586194184788155,63.57998724544216,68.39285569594259
15.0,44.62785670758989,27.054065520052294,16.074928030849872
75.0,55.956401184831776,75.35276529974115,76.0585646555417
56.0,52.10752502076899,58.1044133738626,55.131646401650585
55.0,46.567302965556124,64.19206699476092,55.54007244692847
40.0,49.25304862229063,48.360853193196384,42.277519246214524
73.0,62.439671434106586,61.14824018431176,68.90966839993165
41.0,56.12313362825577,39.229372761848914,39.978979508325224
32.0,54.37843786726335,33.75379889026936,33.035455501703126
81.0,57.481014632557866,78.79912129768795,81.4100893351764
60.0,66.87111200099343,51.0021508161479,62.91930414109652
47.0,59.47480990952635,44.30241744593084,48.40761372523935
48.0,43.04889424086154,61.55076937180939,49.3439101591113
36.0,54.04597212957528,37.81223463753489,36.81855642827311
71.0,45.789988065758244,80.82833917132072,70.91238502202629
77.0,66.62201248501736,63.17745805794453,74.95881078358818
62.0,64.43346671107508,56.477724687727466,65.85462262392325
76.0,47.4803348077484,85.49885466790501,77.59514005571816
27.0,52.43899160929713,30.7099720798202,27.80458907528649
43.0,48.17428348583428,49.98754187933152,43.162899118088994
66.0,56.06878460925351,62.16284912112814,63.54979336921754
81.0,63.88091866012067,69.26511167884284,78.85779708795485
70.0,55.3214860613253,71.29432955247562,72.1466051366246
42.0,46.15147100615605,51.40468000364554,42.30215449958802
74.0,59.66956040650015,72.308938489292,77.26740385923833
47.0,65.29314868342502,34.15632807776699,44.74163525783634
62.0,51.94079257734499,67.23589380521008,64.09854851110603
72.0,50.77766207001671,74.7406855504224,70.66047026991758
75.0,42.05249617695726,85.49885466790501,72.62582145016879
84.0,62.190571918130516,77.78451236087156,85.42288530219825
61.0,46.73303625982019,73.32354742610838,64.79781415772656
86.0,67.28694396039351,74.33815636292478,86.75524141958165
76.0,59.83629284992416,69.66764086634048,74.81056524748449
92.0,61.74672190518064,85.49885466790501,92.25878159530806
62.0,54.296070794711284,62.565378308625775,61.97299912291603
32.0,42.716428503173475,47.95832400569875,35.41303818347809
72.0,64.76593244876315,61.55076937180939,71.24278002010603
68.0,51.44259354539285,69.66764086634048,66.15135452436188
69.0,59.835293700764225,64.59459618225856,69.60321967262647
17.0,46.15147100615605,29.083283393685065,19.8925727590716
39.0,45.48653953077991,47.34624425638,37.64283261281219
63.0,42.88316094659748,74.33815636292478,62.09703821587529
15.0,45.87335428747024,25.636927395738272,15.615362217932695
37.0,67.53604347636958,25.636927395738272,38.023297173723286
59.0,49.50314728742663,63.57998724544216,57.861462765696395
39.0,58.589796120883875,32.12711020413422,36.03683150176786
48.0,55.458202152879636,46.33163531956361,46.52629956989654
91.0,64.76593244876315,79.81373023450433,89.58741218342743
22.0,46.317204300420116,33.75379889026936,24.678190848456712
48.0,49.25304862229063,51.0021508161479,44.935893380844455
74.0,66.78874492844137,63.17745805794453,75.16105147906957
44.0,55.37583508032756,43.287808509114456,43.48058899870809
53.0,65.70798149366516,41.25859063548169,52.15776733912255
64.0,46.81640248153219,75.75529448723879,67.33382342319695
55.0,53.93458785431348,57.08980443704622,55.55311434814562
66.0,46.23383807870812,74.33815636292478,65.32176457438224
55.0,66.5396454124653,43.89988825843321,55.60429240755102
66.0,50.417178278778835,71.69685873997325,66.78726512440804
57.0,67.70177677063366,47.34624425638,59.91567589331975
20.0,48.50575007436242,26.039456583235907,19.292080605141802
37.0,56.62133266020791,35.17093701458337,36.286064125978456
57.0,57.14854889486979,53.433897877278305,55.6434146418641
55.0,43.962925232213756,67.6384229927077,56.23124376208036
26.0,48.75484959033849,34.15632807776699,27.63303048444426
81.0,55.90305131498944,79.4112010470067,80.78209677344756
48.0,55.57058557730137,44.914497195249595,45.84469263683649
80.0,63.436069498010866,75.35276529974115,83.94293920592615
46.0,64.87731672402495,39.229372761848914,49.44426055974754
49.0,41.969129955245265,62.16284912112814,49.09852938131027
40.0,65.87371478792923,30.09789233050145,41.03637472676149
91.0,65.76233051266743,79.4112010470067,89.95445265778272
81.0,64.51683293278708,71.69685873997325,81.24293644109845
56.0,49.7522468034027,62.16284912112814,56.63632079862094
62.0,56.15215083096551,58.1044133738626,59.575033964381
43.0,58.72751136159814,38.82684357435128,42.340839558277075
82.0,63.02123668777073,72.308938489292,80.60400907585213
76.0,61.99582142115671,74.7406855504224,81.63854350227697
59.0,61.2485228732285,52.419288940461925,58.645347962545905
57.0,47.72943432372447,62.565378308625775,54.75590106937035
47.0,46.15147100615605,54.04597762659706,44.96035234106662
42.0,47.5637010294604,50.39007106682915,42.442307303047286
90.0,62.24492093713278,82.85755704495348,89.98231407200065
62.0,62.688770950082656,55.060586563413445,62.98609690412176
44.0,59.64054320379042,39.84145251116767,44.023912716536316
66.0,49.918979246826694,72.308938489292,67.02561647827551
29.0,59.14234417183828,27.054065520052294,30.792698537081517
72.0,46.73303625982019,81.84294810813711,73.34440718650617
79.0,57.20289791387205,74.7406855504224,76.50618612882411
81.0,64.18436719509901,73.32354742610838,82.59061957048478
42.0,44.7392409828517,51.40468000364554,41.14338434428711
39.0,48.145266283124535,48.360853193196384,40.88880473103247
29.0,44.24104195089956,41.25859063548169,30.57459904194274
48.0,58.92226185857194,42.88527932161683,47.14080172646745
48.0,66.70537870672938,36.18554595139975,47.938874168879856
59.0,56.40125034694158,61.14824018431176,62.82324967077783
33.0,42.05249617695726,47.34624425638,34.31927771753179
38.0,61.24752372406858,36.797625700718505,42.849326593563475
33.0,54.794269826663424,30.09789233050145,29.751393576647207
40.0,42.716428503173475,50.39007106682915,37.84766266148079
34.0,57.14854889486979,31.724581016636584,33.84703914048461
64.0,58.340696604907805,63.57998724544216,67.43632623612307
74.0,54.545170310687354,70.27972061565923,69.91744069365573
65.0,47.64606810201247,74.7406855504224,66.87818894372953
39.0,48.80919860934075,48.360853193196384,41.36160205918349
28.0,48.56009909336468,29.083283393685065,21.816566482228136
50.0,58.589796120883875,47.34624425638,51.322702772567425
26.0,44.959323296118036,36.18554595139975,25.422061966690222
18.0,51.164476826707045,25.636927395738272,21.12169301089839
54.0,62.02483862386646,46.94371506888236,54.36012972560567
24.0,52.6880911252732,28.068674456868678,25.33734453946915
45.0,67.03784444441744,34.768407827085746,46.81379479063715
69.0,61.49662324004465,61.14824018431176,67.49802651880668
57.0,53.54777309762314,59.52155149817662,58.2303809210602
62.0,51.413576342683115,68.65303192952409,64.49637219701171
45.0,45.540888549782174,53.03136868978068,42.823224520409894
53.0,67.36931103294557,41.87067038480044,54.12880652418266
50.0,67.1202115169695,39.84145251116767,51.89903187647615
26.0,53.714505541047146,29.083283393685065,27.866167869482243
55.0,65.04404916744895,45.929106132065975,56.382870660251996
35.0,46.068104784444046,42.273199572298076,33.03347798527243
37.0,55.12573641519156,38.21476382503253,38.08281899764278
62.0,67.78514299234565,48.360853193196384,61.03603061893174
95.0,67.0368452952575,81.44041892063947,93.58652102145865
83.0,56.89944937889372,82.85755704495348,85.00223695608513
72.0,49.41978106571463,75.75529448723879,69.98480839896352
66.0,65.51323099669136,58.50694256136023,68.75925900211084
67.0,51.57930963694719,72.71146767678962,68.66137973490419
74.0,64.13001817609674,63.17745805794453,72.93369671269096
23.0,49.337413993162556,28.068674456868678,22.11658477686703
100.0,67.1202115169695,84.48424573108862,96.74534450281324
28.0,45.457522328070176,34.15632807776699,23.767615340086053
57.0,65.04404916744895,49.37546213001277,59.838845033941894
70.0,51.19349402941678,71.69685873997325,67.99763592238394
37.0,44.212024748189826,50.39007106682915,39.1075531645224
64.0,49.25304862229063,65.20667593157731,59.19777035868692
62.0,59.835293700764225,57.08980443704622,62.07171813266198
53.0,48.394365799100605,61.55076937180939,54.3221361969379
39.0,50.0303635220885,45.31702638274722,40.5415368892294
72.0,56.45559936594384,67.6384229927077,68.80009591195189
59.0,42.467328987197405,71.29432955247562,58.64790401263202
61.0,45.569905752491906,70.27972061565923,60.7744978388646
60.0,50.49954535133091,65.60920511907494,60.66409733038665
61.0,61.165156651516504,53.433897877278305,59.56328569952518
67.0,43.962925232213756,72.308938489292,60.92632372093962
37.0,57.14854889486979,34.15632807776699,36.282985817122245
66.0,44.710223780141966,76.76990342405517,65.971924285366
61.0,62.937870466058726,51.40468000364554,59.49900096440348
53.0,45.65327197420391,61.55076937180939,52.10571623407676
45.0,45.87335428747024,55.46311575091108,45.55027523811718
25.0,47.896166767148465,32.73918995345297,25.020584347397364
68.0,44.544490485877894,82.85755704495348,71.99291397273873
65.0,50.00134631937877,71.69685873997325,66.39371853696274
64.0,57.89684659195793,60.13363124749537,63.064170235675135
27.0,54.461804088975356,27.666145269371047,27.023285100031952
28.0,47.841817748146205,33.141719140950606,25.950221765912012
55.0,51.60832683965692,60.13363124749537,56.67456675645055
86.0,59.22571039355028,78.39659211019031,82.46327892983288
76.0,65.95708100964123,66.2212848683937,77.43166143779287
60.0,47.26025249448207,65.60920511907494,58.06506558359771
82.0,64.93166574302722,74.7406855504224,84.58186657117247
90.0,58.311679402198074,82.85755704495348,86.16100711138604
96.0,65.1807652590033,85.49885466790501,95.58559791388802
24.0,48.75484959033849,27.666145269371047,21.12305513331831
77.0,64.79494965147288,68.25050274202646,78.61472108145664
81.0,58.589796120883875,79.81373023450433,83.93256148360652
79.0,52.80047454969493,81.84294810813711,80.07186265967867
59.0,60.99942335725244,49.37546213001277,55.39686781642209
21.0,47.14886821922026,30.09789233050145,21.788468830027057
44.0,53.60212211662541,47.34624425638,45.470582165708905
62.0,46.039087581734314,72.71146767678962,62.955457271862265
73.0,58.89324465586221,67.23589380521008,70.9621833705409
30.0,52.35662453674506,31.724581016636584,28.834317523796955
55.0,51.662675858659185,58.1044133738626,54.1028807441804
57.0,57.20289791387205,54.44850681409469,56.12855029745122
65.0,53.51875589491341,66.2212848683937,64.32871056563717
59.0,60.666957619564364,57.492333624543846,63.25690625447726
66.0,63.76953438485887,56.477724687727466,65.38182529577223
53.0,57.45199742984812,48.972932942515136,50.82752857779854
71.0,45.457522328070176,82.45502785745586,72.25945112538298
58.0,54.29507164555135,56.477724687727466,55.74765322224598
17.0,43.54709327281368,27.666145269371047,15.717492101790658
47.0,65.95708100964123,32.12711020413422,43.175963830244775
74.0,49.00494825547449,81.44041892063947,75.41780759265829
79.0,67.36931103294557,65.20667593157731,77.57119721522248
66.0,57.730114148533936,63.57998724544216,66.31684615497568
78.0,63.6318191441446,70.68224980315686,80.08399681393824
87.0,57.481014632557866,84.48424573108862,87.12590216369323
37.0,60.86170811653817,30.7099720798202,37.08632576153851
65.0,50.666277794754905,69.66764086634048,64.9411600195373
78.0,53.93458785431348,81.44041892063947,80.00416182797717
41.0,48.75484959033849,43.287808509114456,36.801379970200124
41.0,65.42986477497936,29.083283393685065,39.10289794679675
28.0,48.06190006141254,32.12711020413422,24.489806753825288
81.0,60.00202614418823,77.38198317337392,82.65512052254279
50.0,51.52595976710485,54.44850681409469,50.97057019720784
88.0,62.35630521239459,81.44041892063947,89.19147267810365
93.0,66.12381345306522,79.81373023450433,91.28222028567713
76.0,66.78774577928144,65.60920511907494,77.48573632363
71.0,55.62493459630363,69.26511167884284,69.76490281768339
82.0,66.2895467473293,71.69685873997325,83.21853080692998
68.0,63.85190145741094,56.07519550022983,64.9727073987544
93.0,66.62201248501736,80.42580998382309,92.28579520740023
63.0,47.26025249448207,69.26511167884284,61.74214521664494
54.0,56.56698364120565,54.04597762659706,55.78064564799088
81.0,54.10032114857755,84.88677491858626,83.54855881437703
56.0,63.3537024254588,50.39007106682915,58.873401320553135
87.0,62.02483862386646,82.85755704495348,90.42843091445322
67.0,53.26965637893734,69.26511167884284,67.19378560865222
96.0,66.53864626330537,83.87216598176987,95.64064923334945
50.0,56.37223314423184,52.01675975296429,53.01783003690816
62.0,52.10752502076899,63.17745805794453,60.22561462661549
42.0,47.64606810201247,49.37546213001277,41.41275514768813
62.0,63.76853523569894,51.0021508161479,59.77585589453554
62.0,56.733716084629656,59.119022310678986,61.07773603419381
81.0,65.29314868342502,70.27972061565923,81.03580162112705
38.0,49.8356130251147,45.929106132065975,40.43815317168454
32.0,43.54709327281368,43.89988825843321,32.01395938604654
71.0,65.62561442111308,63.57998724544216,74.59185845580858
73.0,65.62561442111308,57.492333624543846,68.4764521885808
63.0,65.95708100964123,51.0021508161479,62.14314576972342
31.0,45.789988065758244,39.84145251116767,29.77365074391589
49.0,48.56009909336468,56.07519550022983,48.92158076790646
80.0,58.22931232964601,78.39659211019031,81.69805536197727
74.0,53.35302260064934,72.71146767678962,70.74911739856954
16.0,42.716428503173475,28.68075420618743,16.06098328342424
49.0,52.6047249035612,48.972932942515136,46.23306022938337
71.0,59.337094668812085,66.62381405589133,71.2587240581386
98.0,65.26413148071529,84.88677491858626,95.06575512383343
52.0,61.33088994578058,47.34624425638,53.539122735428556
27.0,53.68548833833741,27.666145269371047,25.81679275138525
43.0,55.37583508032756,43.287808509114456,43.48058899870809
72.0,45.540888549782174,81.84294810813711,71.73960833532838
35.0,53.79687261359921,37.20015488821614,36.00628739851392
40.0,65.95808015880117,27.666145269371047,38.81281022994176
55.0,61.912455199444715,49.98754187933152,56.6819341743323
45.0,65.79134771537716,34.15632807776699,45.12424704176416
37.0,52.35662453674506,38.82684357435128,35.96587303874783
72.0,55.541568374591634,71.29432955247562,71.70154605308
89.0,66.87111200099343,77.78451236087156,89.81766920582626
61.0,44.12865852647783,71.69685873997325,60.395546127367545
64.0,48.00755104241028,69.26511167884284,62.316062892536664
20.0,46.40057052213212,29.695363143003817,20.704841788830787
52.0,66.53864626330537,39.84145251116767,51.41529974480765
53.0,57.730114148533936,51.0021508161479,53.69120009689497
80.0,59.97300894147849,78.39659211019031,83.0371966057246
20.0,50.27946303806457,25.636927395738272,20.977933019128947
25.0,44.49014146687563,37.81223463753489,27.312398664335305
69.0,66.4562791907533,56.07519550022983,67.73398459426589
56.0,61.08179042980451,48.360853193196384,54.36687492818462
50.0,56.288866922519844,52.01675975296429,52.91670968916746
43.0,44.62685755842997,51.40468000364554,40.40757380597551
22.0,45.65327197420391,31.112501267317832,21.547195678827094
67.0,45.569905752491906,76.76990342405517,67.28385616396089
49.0,67.0368452952575,36.797625700718505,48.740208395121556
37.0,46.039087581734314,47.34624425638,37.49222714021245
44.0,50.99774438328305,52.01675975296429,47.405795274267284
54.0,63.436069498010866,41.87067038480044,50.31111357317023
43.0,56.48461656865359,39.84145251116767,41.52600131748806
33.0,56.982815600605726,31.112501267317832,33.135890458466115
94.0,63.76853523569894,83.87216598176987,92.78671838949619
75.0,60.47120797343063,66.62381405589133,71.59017593226974
41.0,55.8740341122797,38.82684357435128,39.389754962587965
26.0,44.046291453925754,41.25859063548169,29.85060477290526
24.0,47.59271823217014,33.141719140950606,25.758915873948105
61.0,47.72943432372447,68.25050274202646,60.469950966373915
60.0,61.74672190518064,52.419288940461925,59.02795974647372
44.0,63.1036037603228,36.797625700718505,44.922956176987455
66.0,61.912455199444715,56.477724687727466,63.194377629576806
73.0,42.716428503173475,83.46963679427223,71.06156036778782
35.0,42.88316094659748,42.88527932161683,30.522632852629524
45.0,58.89324465586221,39.84145251116767,43.449995040644595
49.0,67.0368452952575,38.82684357435128,50.778677150864155
35.0,60.74932469211644,26.65153633255466,32.27613396243595
90.0,60.085392365900226,84.48424573108862,89.88964746332329
35.0,47.14886821922026,45.31702638274722,37.067729107651886
51.0,56.31788412522958,52.01675975296429,53.55139987973837
33.0,54.37843786726335,34.15632807776699,33.43337415547648
56.0,53.68548833833741,61.14824018431176,59.436983036153656
35.0,51.11012780770478,41.87067038480044,37.95366936264907
84.0,66.04044723135323,72.308938489292,83.64818805276136
63.0,45.87335428747024,73.32354742610838,63.48623486543434
77.0,54.794269826663424,77.78451236087156,77.6388377803735
72.0,50.86102829172871,75.35276529974115,71.38255375545357
51.0,59.64054320379042,48.360853193196384,52.5736790220398
57.0,63.10460290948273,47.34624425638,55.62465673470232
46.0,65.26413148071529,33.141719140950606,43.08929732775608
59.0,48.75484959033849,66.62381405589133,60.231606433798454
46.0,44.49014146687563,53.03136868978068,42.59165894196014
46.0,62.52303765581859,37.20015488821614,44.94946229007748
87.0,54.710903604951426,85.49885466790501,85.29085311140862
42.0,48.145266283124535,51.40468000364554,43.944656786557445
23.0,52.52235783100913,31.112501267317832,28.303539930224883
32.0,62.02483862386646,25.636927395738272,32.958058868397345
39.0,45.457522328070176,53.433897877278305,43.1196702401399
79.0,49.00494825547449,82.85755704495348,76.83425545169764
85.0,58.14494695877407,81.44041892063947,84.54178967741133
67.0,53.54777309762314,66.62381405589133,65.36255346204071
20.0,46.23383807870812,33.141719140950606,23.956107362920733
70.0,63.6318191441446,62.16284912112814,71.53185055089185
59.0,64.13001817609674,48.972932942515136,58.66441542249279
61.0,55.9574003339917,59.52155149817662,60.26642979547491
68.0,45.320806236515836,80.42580998382309,70.76936546531725
59.0,65.20978246171302,45.31702638274722,55.85209306667993
33.0,42.965528019149545,43.287808509114456,30.90926411658275
77.0,50.08471254109077,84.48424573108862,79.34026800350654
79.0,63.51943571972287,70.68224980315686,79.34651149068902
65.0,65.26413148071529,53.433897877278305,63.472221953668765
76.0,60.2511256601643,71.69685873997325,77.13017285311155
40.0,47.23123529177233,49.37546213001277,41.13126371150101
49.0,49.00394910631456,52.419288940461925,46.1610353479199
63.0,63.85190145741094,51.40468000364554,60.27515933577658
74.0,48.394365799100605,79.81373023450433,72.65724853008768
47.0,47.5637010294604,58.1044133738626,50.19359190373416
95.0,62.410654231396855,85.49885466790501,92.7315789234591
37.0,54.296070794711284,36.797625700718505,36.10303567992654
41.0,48.06190006141254,51.40468000364554,43.84353643881675
63.0,67.78514299234565,49.98754187933152,62.67622813459832
46.0,54.87763604837542,45.31702638274722,45.13574079791758
73.0,46.15147100615605,84.48424573108862,75.51887289631627
32.0,59.058977950126284,26.65153633255466,30.2935713889918
87.0,61.2485228732285,77.38198317337392,83.7237051336205
38.0,57.14854889486979,35.17093701458337,37.301955755266555
52.0,66.5396454124653,39.84145251116767,51.52735489606583
67.0,57.813480370245934,65.60920511907494,68.45590637900499
37.0,49.390763863004885,46.94371506888236,40.42906262496397
66.0,60.085392365900226,60.53616043499301,65.83034837696866
34.0,46.37155331942238,39.229372761848914,29.636419737789115
59.0,66.2061805256173,47.34624425638,58.65578539027814
39.0,65.87371478792923,26.65153633255466,37.58040035307158
24.0,43.962925232213756,34.768407827085746,23.240743126097904
58.0,56.95379839789598,55.060586563413445,56.5582075432826
94.0,63.24131900103706,82.85755704495348,90.74753763985628
43.0,51.94079257734499,46.33163531956361,43.1017124734511
68.0,50.58291157304291,70.27972061565923,65.4610028095919
60.0,53.60212211662541,63.17745805794453,61.37344997839892
95.0,67.0368452952575,84.48424573108862,96.64422415507255
46.0,58.091597088931735,41.25859063548169,44.82574248031979
52.0,61.99582142115671,44.30241744593084,51.06680096067785
38.0,57.64674792682193,34.15632807776699,36.66559760105006
67.0,55.707301668855706,69.26511167884284,69.75396801416592
73.0,47.896166767148465,81.84294810813711,74.31187144984318
37.0,51.02676158599278,35.783016763902125,31.73978714495048
62.0,60.916057135540434,56.477724687727466,62.429154061721185
61.0,47.647067251172395,69.26511167884284,61.499503121733056
71.0,50.52856255404064,77.38198317337392,73.12771480573493
29.0,51.11012780770478,32.12711020413422,28.16356341991695
74.0,50.74864486730698,75.35276529974115,70.6447158459017
32.0,54.10032114857755,32.73918995345297,31.19225241253727
59.0,46.317204300420116,69.66764086634048,60.727452376961025
30.0,50.00134631937877,33.141719140950606,27.682909597104643
29.0,48.394365799100605,32.12711020413422,24.78223299352989
57.0,47.97853383970054,64.59459618225856,56.98444166501757
77.0,50.33381205706684,78.79912129768795,73.81708326558858
58.0,62.161554715420785,49.37546213001277,56.25227692850092
72.0,57.564380854269864,70.68224980315686,73.35945017776264
50.0,53.13294028738301,51.40468000364554,49.79783515232393
65.0,51.11012780770478,69.66764086634048,65.85892828465727
24.0,52.7714573469852,25.636927395738272,23.003047090026183
28.0,56.12313362825577,25.636927395738272,26.33559756415948
59.0,50.33381205706684,64.19206699476092,59.1574639271241
30.0,54.79327067750349,32.12711020413422,31.677102008526315
51.0,65.87371478792923,38.82684357435128,49.81121288752715
21.0,45.789988065758244,29.083283393685065,18.967395553460687
85.0,61.414256167492574,78.79912129768795,85.23104370948836
71.0,49.834613875954766,73.32354742610838,67.83114647769396
44.0,52.10752502076899,46.94371506888236,43.92491630672778
71.0,65.62461527195316,60.53616043499301,71.4221001709365
81.0,66.20717967477724,71.29432955247562,82.83119437037145
57.0,53.13294028738301,60.13363124749537,58.56985262266837
24.0,49.336414844002626,29.695363143003817,23.644198261821458
45.0,48.80919860934075,54.04597762659706,47.07565195618706
50.0,54.93098591821776,48.360853193196384,47.547025618262104
90.0,64.13001817609674,80.82833917132072,90.65895237657902
39.0,46.40057052213212,44.914497195249595,35.98410206645562
81.0,62.74311996908492,76.36737423655754,83.85248240068394
40.0,64.26773341681101,29.695363143003817,38.868451972513206
42.0,62.52303765581859,32.12711020413422,39.853731133599304
68.0,65.79134771537716,58.1044133738626,69.18760087059928
72.0,55.90305131498944,68.65303192952409,69.97143425420921
32.0,57.813480370245934,28.68075420618743,31.374981805460887
26.0,43.962925232213756,40.2439816986653,28.730955219898572
76.0,56.95379839789598,69.66764086634048,71.22047127901698
42.0,61.24752372406858,38.21476382503253,44.26647962520813
69.0,51.08111060499505,73.72607661360603,69.2974734493937
74.0,45.62425477149417,81.84294810813711,71.84072868306907
36.0,48.75484959033849,40.856061447984054,34.36622661274345
66.0,65.70798149366516,55.060586563413445,66.02877738924471
84.0,60.66595847040443,77.78451236087156,83.52601279761849
58.0,48.42338300181035,64.19206699476092,57.61608198789536
65.0,58.92226185857194,58.50694256136023,62.824767944191706
26.0,50.417178278778835,30.7099720798202,25.641302827093266
94.0,58.838895636859945,85.49885466790501,89.84012093696555
66.0,60.832690913828436,60.13363124749537,66.00617110593568
27.0,47.64606810201247,36.18554595139975,28.170729573746616
59.0,59.47480990952635,54.04597762659706,58.199306306333405
69.0,49.141664347028815,73.72607661360603,67.11946209492947
86.0,59.72390942550242,79.4112010470067,83.864860651905
67.0,62.10720569641852,60.13363124749537,67.59809592893141
90.0,65.01503196473922,76.76990342405517,86.72127938150443
100.0,67.95087628660973,85.49885466790501,98.43961690431694
22.0,43.79619278878975,34.15632807776699,22.417539292821232
15.0,45.48653953077991,27.666145269371047,17.89144871377437
45.0,57.11953169216005,41.87067038480044,43.40292979711343
39.0,51.52496061794492,43.89988825843321,40.272748088822155
96.0,66.78774577928144,84.88677491858626,96.85118950318464
37.0,43.29799375683761,53.433897877278305,41.38698240894727
72.0,54.87763604837542,73.32354742610838,73.26651230806627
49.0,51.413576342683115,54.04597762659706,49.836752858547214
50.0,44.04529230476582,59.119022310678986,47.67450924896424
16.0,49.141664347028815,25.02484764641952,18.22582920653002
45.0,61.941472402154446,41.87067038480044,49.1632782213868
87.0,57.06618182231773,82.85755704495348,85.20447765156652
79.0,66.2895467473293,69.66764086634048,81.18006205118738
46.0,57.481014632557866,41.87067038480044,44.3291647616323
46.0,45.208422812094106,53.433897877278305,42.928364348176
59.0,50.0303635220885,66.62381405589133,61.93620343408201
83.0,63.60280194143487,80.42580998382309,89.24091105788571
85.0,57.64674792682193,81.84294810813711,84.55718469383255
47.0,52.35662453674506,49.98754187933152,47.17260313367063
37.0,63.187969131194734,27.666145269371047,35.963815594325624
47.0,52.93719064124927,52.419288940461925,49.979697911264616
92.0,63.686168163146874,84.48424573108862,93.41861633080896
84.0,61.414256167492574,81.44041892063947,87.89012301672359
78.0,60.41685895442836,76.36737423655754,81.91755387400993
31.0,43.63045949452569,41.25859063548169,29.457058185459964
60.0,52.7714573469852,63.17745805794453,60.6984119547665
89.0,63.1036037603228,82.85755704495348,91.18271967879136
44.0,42.79979472488547,60.53616043499301,48.13407506188141
76.0,54.545170310687354,75.35276529974115,75.01184965149896
19.0,46.23483722786805,30.7099720798202,21.633273596449236
40.0,55.707301668855706,39.84145251116767,40.20639605867522
34.0,62.688770950082656,28.068674456868678,35.86733175263998
61.0,51.413576342683115,63.57998724544216,59.40284470492512
38.0,62.85550339350666,33.75379889026936,41.78626674239482
71.0,60.4178581035883,59.52155149817662,65.10371653195328
76.0,47.064502848348326,83.46963679427223,75.16435876458956
21.0,43.29799375683761,32.12711020413422,19.997869098361434
38.0,44.461124264165896,50.39007106682915,39.2988590564863
38.0,60.4178581035883,32.12711020413422,37.58914824451407
39.0,65.76233051266743,33.75379889026936,44.09287224947918
70.0,57.06518267315779,66.2212848683937,68.39089668965039
29.0,45.12605573954203,40.2439816986653,29.698419483235583
41.0,62.99221948506099,31.724581016636584,39.20523256496913
37.0,61.33088994578058,32.12711020413422,38.25325146462899
74.0,45.985737711891986,84.48424573108862,75.42868735209306
32.0,60.99942335725244,26.65153633255466,32.57949500565803
27.0,51.35922732368085,31.724581016636584,27.957038804683155
83.0,55.043369342639494,82.45502785745586,82.52663397640727
69.0,65.42986477497936,62.16284912112814,72.33654048605234
56.0,58.560778918174144,56.07519550022983,59.461087811248916
45.0,51.52595976710485,49.37546213001277,45.87660197224293
71.0,50.417178278778835,75.35276529974115,70.46434475745528
72.0,51.911775374635255,77.38198317337392,73.64959110607334
68.0,61.24752372406858,61.55076937180939,67.70481557376748
29.0,57.64774707598187,29.083283393685065,31.682803061586707
62.0,60.50022517614037,51.0021508161479,56.54222210375135
47.0,64.76593244876315,37.20015488821614,46.78327046901081
49.0,59.22571039355028,43.89988825843321,47.81830103292643
57.0,45.457522328070176,66.2212848683937,55.962983841127084
73.0,47.50935201045814,80.42580998382309,73.13921159119937
82.0,54.87763604837542,82.85755704495348,82.83436708595744
24.0,51.69169306136892,28.68075420618743,25.19308410940881
89.0,61.443273370202306,80.82833917132072,87.90640632019344
68.0,48.090917264122275,74.7406855504224,67.90845309298598
18.0,46.317204300420116,28.068674456868678,18.964140951453153
82.0,58.726512212438216,80.82833917132072,84.40455867128455
64.0,45.071706720539765,73.72607661360603,63.84539232450813
36.0,60.22210845745456,32.12711020413422,36.753892143399376
52.0,49.41978106571463,57.492333624543846,51.648109427451786
82.0,65.1807652590033,70.27972061565923,80.2984044444535
54.0,68.03424250832173,37.81223463753489,50.636721492106666
42.0,52.80047454969493,45.929106132065975,44.01308130100274
54.0,54.545170310687354,54.04597762659706,53.61533202855741
78.0,60.66595847040443,72.71146767678962,78.43072237401864
84.0,54.212704572999286,84.48424573108862,83.88935953591216
72.0,61.49762238920457,67.6384229927077,74.12252512530938
35.0,48.145266283124535,45.929106132065975,38.45391581330279
42.0,50.25044583535484,44.914497195249595,39.70093910945434
21.0,50.362829259776575,26.039456583235907,21.476883874067344
66.0,44.7392409828517,79.4112010470067,69.26701598180709
74.0,51.662675858659185,77.78451236087156,73.85602757473148
20.0,47.397967735196325,27.666145269371047,19.544885804261277
51.0,64.62821720804888,42.273199572298076,52.31065780139753
54.0,48.25665055838635,60.53616043499301,53.73676165936673
71.0,50.168078762802764,75.35276529974115,70.27303886549137
52.0,66.45528004159337,42.88527932161683,54.37188253068084
74.0,66.12381345306522,62.565378308625775,73.95523586186508
50.0,51.85742635563299,54.04597762659706,50.753110778456566
63.0,66.20717967477724,48.972932942515136,60.4080380572029
37.0,54.545170310687354,36.797625700718505,36.29434157189044
52.0,64.43346671107508,42.273199572298076,51.58657538578437
44.0,57.06618182231773,40.856061447984054,43.028703387300865
65.0,55.12673556435149,63.57998724544216,63.66691893811707
49.0,52.27325831503306,53.433897877278305,50.52569422810657
63.0,45.071706720539765,70.68224980315686,60.78954026898315
25.0,45.540888549782174,37.20015488821614,26.92432330362472
87.0,67.78514299234565,78.39659211019031,91.21479071499465
49.0,47.26025249448207,55.060586563413445,47.48026823880248
67.0,51.60832683965692,65.60920511907494,62.16636548861315
56.0,44.87595707440604,69.26511167884284,58.53483932525656
82.0,54.29507164555135,84.88677491858626,84.27634338616805
46.0,46.567302965556124,54.44850681409469,45.75155314255828
46.0,61.912455199444715,37.81223463753489,44.45323715769265
65.0,53.68548833833741,70.68224980315686,69.00395634828817
60.0,60.334491881876296,47.95832400569875,53.39486230536822
38.0,62.52303765581859,30.7099720798202,38.436401808803325
76.0,62.07818849370879,69.66764086634048,76.53231827515964
60.0,54.79327067750349,64.19206699476092,63.883400684949585
33.0,56.537966438495914,31.724581016636584,32.73037974975846
69.0,44.87595707440604,80.82833917132072,70.13622665065319
39.0,68.53244154027387,26.039456583235907,39.18679198165492
74.0,44.04529230476582,81.44041892063947,70.08215176481606
50.0,58.560778918174144,46.33163531956361,49.66939523015486
42.0,64.01763475167502,32.73918995345297,41.622529623178025
49.0,44.793590001853964,60.53616043499301,49.776577348850836
63.0,47.841817748146205,72.308938489292,65.2819938435654
32.0,50.362829259776575,38.21476382503253,33.70240761398313
63.0,50.16707961364284,72.71146767678962,67.50260957960327
57.0,43.54709327281368,67.23589380521008,55.44013110716436
71.0,49.918979246826694,72.308938489292,67.02561647827551
48.0,60.41685895442836,43.287808509114456,48.68673202517557
16.0,44.212024748189826,28.68075420618743,17.32087378646585
63.0,64.01863390083494,57.08980443704622,66.19409432553142
84.0,66.45528004159337,72.71146767678962,84.3279507290245
57.0,59.97300894147849,53.433897877278305,57.96095495246593
35.0,49.336414844002626,39.84145251116767,33.83125324599464
83.0,55.292468858615564,83.46963679427223,83.73682165993984
